Workbook

Sheet 📊 Summary Dashboard
A1: LeKise Trading — CRM & Pipeline Analysis 2026 | Pole Division | อัปเดต 16 มิ.ย. 2569
A3: Pipeline รวม (incl VAT) | C3: ก่อน VAT รวม | E3: 🔥 Hot Deals (≥3M) | G3: 📞 Follow-High (1-3M) | I3: จำนวนใบเสนอราคา | K3: ลูกค้าไม่ซ้ำ | M3: 📋 ติดตาม (0.3-1M) | O3: ⚪ รอผล (<0.3M)
A4: ฿ 183.8M | C4: ฿ 171.8M | E4: ฿ 62.0M | G4: ฿ 49.3M | I4: 311 ใบ | K4: 273 ราย | M4: ฿ 55.0M | O4: ฿ 17.6M
A6: 📅 Pipeline รายเดือน (incl VAT)
A7: เดือน | B7: ใบเสนอ | C7: ก่อน VAT | D7: VAT 7% | E7: รวม incl VAT | F7: % Pipeline | G7: สถานะ
A8: 2026-01 | B8: 58 | C8: 49030066 | D8: 3432104.6 | E8: 52462171 | F8: 28.5% | G8: 🔥
A9: 2026-02 | B9: 56 | C9: 19978372 | D9: 1398486 | E9: 21376858 | F9: 11.6% | G9: 🔥
A10: 2026-03 | B10: 54 | C10: 18459011 | D10: 1292130.8 | E10: 19751142 | F10: 10.7% | G10: 🔥
A11: 2026-04 | B11: 47 | C11: 17954717 | D11: 1256830.2 | E11: 19211547 | F11: 10.5% | G11: 🔥
A12: 2026-05 | B12: 65 | C12: 37399847 | D12: 2617989.3 | E12: 40017836 | F12: 21.8% | G12: 🔥
A13: 2026-06 | B13: 31 | C13: 28993372 | D13: 2029536 | E13: 31022908 | F13: 16.9% | G13: 🔥
A14: รวมทั้งหมด | C14: 1.7184668e+08 | D14: 11995777 | E14: 1.8384246e+08 | F14: 100%
A16: 📦 Pipeline by กลุ่มสินค้า
A17: กลุ่มสินค้า | B17: ใบเสนอ | C17: มูลค่า (incl VAT) | D17: % Pipeline
A18: High Mast | B18: 74 | C18: 77140277 | D18: 42.0%
A19: Guard Rail / การ์ดเรล | B19: 21 | C19: 17260953 | D19: 9.4%
A20: เสาไฟถนน | B20: 133 | C20: 61747862 | D20: 33.6%
A21: LED Streetlight | B21: 15 | C21: 4571903.6 | D21: 2.5%
A22: LED Floodlight | B22: 4 | C22: 3151514.9 | D22: 1.7%
A23: LED Highbay | B23: 2 | C23: 266470.23 | D23: 0.1%
A24: Solar | B24: 3 | C24: 675355.92 | D24: 0.4%
A25: สายส่งไฟฟ้า | B25: 1 | C25: 2615208.4 | D25: 1.4%
A26: Hardware / Accessories | B26: 3 | C26: 120572.31 | D26: 0.1%
A27: Electrical Accessories | B27: 3 | C27: 96098.89 | D27: 0.1%
A28: อื่นๆ | B28: 52 | C28: 16196245 | D28: 8.8%
A30: 🏆 Top 20 ลูกค้า (Pipeline incl VAT)
A31: # | B31: ชื่อลูกค้า | C31: ใบเสนอ | D31: มูลค่า (฿) | E31: % Pipeline
A32: 1 | B32: กรรณเลิศ เทรดดิ้ง | C32: 3 | D32: 9826598.3 | E32: 5.3%
A33: 2 | B33: ภิรมย์ กรุ๊ป | C33: 1 | D33: 9536178.1 | E33: 5.2%
A34: 3 | B34: สุรัตน์ | C34: 1 | D34: 7387488.7 | E34: 4.0%
A35: 4 | B35: ห้างหุ้นส่วนจำกัด สมบูรณ์อิเล็กทริค หนองบัวลำภู | C35: 1 | D35: 6855170.1 | E35: 3.7%
A36: 5 | B36: ต้นตะวัน | C36: 1 | D36: 5807540 | E36: 3.2%
A37: 6 | B37: วันชัยการไฟฟ้า HM20_8 | C37: 1 | D37: 4709493.3 | E37: 2.6%
A38: 7 | B38: วันชัยการไฟฟ้า | C38: 1 | D38: 4425301.7 | E38: 2.4%
A39: 8 | B39: เบตเตอร์ เวิร์ลด | C39: 1 | D39: 3838838.6 | E39: 2.1%
A40: 9 | B40: เทศบาลนครเชียงใหม่ | C40: 1 | D40: 3805428.2 | E40: 2.1%
A41: 10 | B41: วันชัยการไฟฟ้า 2019 | C41: 1 | D41: 3578683 | E41: 1.9%
A42: 11 | B42: บริษัท เดอะวิน เทเลคอม จำกัด | C42: 1 | D42: 3257133.5 | E42: 1.8%
A43: 12 | B43: เค บี เอ็ม _25ม. 15 | C43: 1 | D43: 2747332 | E43: 1.5%
... A51: 20 | B51: หจก.ชนก อิเล็คทริค | C51: 1 | D51: 2110831.8 | E51: 1.1%

Sheet 📋 CRM Table
A1: LeKise CRM | ใบเสนอราคา 2026 | 311 รายการ | อัปเดต 16 มิ.ย. 2569 | ตัด Revision ซ้ำ (รวม PL857)
A3: Pipeline: 183.8M ฿ | F3: Hot≥3M: 62.0M ฿ | K3: 311 ใบ (ทบทวนแล้ว) | O3: EGAT:2.3M | DOA:3.1M | APT:5.8M
A4: PL No. | B4: เดือน | C4: ชื่อลูกค้า | D4: ประเภท | E4: เลขที่ใบเสนอ | F4: วันที่ | G4: กลุ่มสินค้า | H4: สินค้าหลัก | I4: ก่อน VAT (฿) | J4: VAT 7% (฿) | K4: รวม incl VAT (฿) | L4: สถานะ (Auto) | M4: ความสำคัญ | N4: จำนวน | O4: กลุ่มงาน | P4: ★ สถานะตามจริง | Q4: หมายเหตุ / ผลติดต่อ | R4: วันติดตาม | S4: Action
A5: PL34 | B5: 2026-04 | D5: B2B อื่นๆ | E5: LKT. 2026-04 -PL819 | F5: 17 เมษายน 2026 | G5: LED Streetlight | H5: กิ่ง (ทอกลมหนา 2.3mm.) ขนาด 2x2.4 ม. R300 ตัด 2 ทาง | I5: 711088 | J5: 49776.16 | K5: 760864.16 | L5: 📋 ติดตาม | M5: กลาง | N5: 1 | O5: —
A6: PL607 | B6: 2026-01 | C6: อินเตอร์ เอ็กซ์เพิร์ท | D6: B2B อื่นๆ | E6: LKT. 2026-01 -PL607 | F6: 5 มกราคม 2025 | G6: High Mast | H6: High Mast 15 M PCD550 M32 8 Hole + วงแหวน 6 โคม REV.3 | I6: 1068540.6 | J6: 74797.84 | K6: 1143338.4 | L6: 📞 ติดตาม-High | M6: สูง | N6: 1 | O6: —
A7: PL608 | B7: 2026-01 | C7: คุณมานพ รัตนภาค | D7: B2C บุคคล | E7: LKT. 2026-01-PL608 | F7: 5 มกราคม 2026 | G7: อื่นๆ | H7: อื่นๆ | I7: 476828.8 | J7: 33378.02 | K7: 510206.82 | L7: 📋 ติดตาม | M7: กลาง | N7: 0 | O7: —
A8: PL609 | B8: 2026-01 | C8: PT ชาติดกิติออย | D8: B2B อื่นๆ | E8: LKT. 2026-01 -PL609 | F8: 6 มกราคม 2026 | G8: LED Streetlight | H8: LED Streetlight 150W 5700K 19,500lm CRI70 140D | I8: 203000 | J8: 14210 | K8: 217210 | L8: ⚪ รอผล | M8: ต่ำ | N8: 1 | O8: —
A9: PL610 | B9: 2026-01 | C9: ที เค | D9: B2B อื่นๆ | E9: LKT. 2026-01 -PL610 | F9: 6 มกราคม 2026 | G9: เสาไฟถนน | H9: Pole With Bracket 9M-T4-TR | I9: 1881012 | J9: 131670.84 | K9: 2012682.8 | L9: 📞 ติดตาม-High | M9: สูง | N9: 1 | O9: —
A10: PL612 | B10: 2026-01 | C10: สมบูรณ์อิเล็คทริค | D10: B2B อื่นๆ | E10: LKT. 2026-01 -PL612 | F10: 6 มกราคม 2026 | G10: LED Streetlight | H10: BTFL-ZC03-400W/LED FLOODLIGHT 400W/6500K | I10: 453936 | J10: 31775.52 | K10: 485711.52 | L10: 📋 ติดตาม | M10: กลาง | N10: 1 | O10: —
A11: PL614 | B11: 2026-01 | C11: โปรทูสเปรช | D11: B2B อื่นๆ | E11: LKT. 2026-01 -PL614 | F11: 7 มกราคม 2026 | G11: เสาไฟถนน | H11: Pole With Bracket 9M-T4-TR | I11: 191884 | J11: 13431.88 | K11: 205315.88 | L11: ⚪ รอผล | M11: ต่ำ | N11: 1 | O11: —
A12: PL615 | B12: 2026-01 | C12: อินโน ซิสเต็ม | D12: B2B อื่นๆ | E12: LKT. 2026-01 -PL615 | F12: 7 มกราคม 2026 | G12: Electrical Accessories | H12: ชุด Breaker 1P 10A 230V 1 SET (Plate Aluminium) | I12: 22623.3 | J12: 1583.63 | K12: 24206.93 | L12: ⚪ รอผล | M12: ต่ำ | N12: 1 | O12: —
A13: PL616 | B13: 2026-01 | C13: วิ-หลี กรุ๊ป | D13: B2B อื่นๆ | E13: LKT. 2026-01 -PL616 | F13: 7 มกราคม 2026 | G13: เสาไฟถนน | H13: Pole With Bracket 9M-T4-TR | I13: 94109.4 | J13: 6587.66 | K13: 100697.06 | L13: ⚪ รอผล | M13: ต่ำ | N13: 1 | O13: —
A14: PL617 | B14: 2026-01 | C14: PT | D14: B2B อื่นๆ | E14: LKT. 2026-01 -PL609 | F14: 6 มกราคม 2026 | G14: LED Streetlight | H14: LED Streetlight 150W 5700K 19,500lm CRI70 140D | I14: 102000 | J14: 7140 | K14: 109140 | L14: ⚪ รอผล | M14: ต่ำ | N14: 1 | O14: —
A15: PL618 | B15: 2026-01 | C15: วีระยุทธ | D15: B2B อื่นๆ | E15: LKT. 2026-01 -PL618 | F15: 7 มกราคม 2026 | G15: เสาไฟถนน | H15: Pole With Bracket 6M-T4-TR | I15: 29654.8 | J15: 2075.84 | K15: 31730.64 | L15: ⚪ รอผล | M15: ต่ำ | N15: 1 | O15: —
A16: PL619 | B16: 2026-01 | C16: ทูพีเอส | D16: B2B อื่นๆ | E16: LKT. 2026-01 -PL609 | F16: 8 มกราคม 2026 | G16: สายส่งไฟฟ้า | H16: เสาสายสงไฟฟา 115KV Single Circuit H20M | I16: 2444120 | J16: 171088.4 | K16: 2615208.4 | L16: 📞 ติดตาม-High | M16: สูง | N16: 1 | O16: —
A17: PL620 | B17: 2026-01 | C17: อินเตอร์ เอ็กซ์เพิร์ท R03 | D17: B2B อื่นๆ | E17: LKT. 2025-08 -PL337 | F17: 8 มกราคม 2026 | G17: High Mast | H17: High Mast 15 M PCD550 M32 8 Hole + วงแหวน 6 โคม REV.3 | I17: 1017041.6 | J17: 71192.91 | K17: 1088234.5 | L17: 📞 ติดตาม-High | M17: สูง | N17: 1 | O17: —
A18: PL621 | B18: 2026-01 | C18: บริษัท ทริลเลียนอินดัสตรีส์ จำกัด | D18: B2B บริษัท | E18: LKT. 2026-01 -PL609 | G18: เสาไฟถนน | H18: Post Top Pole 8M-T4-TR | I18: 115840 | J18: 8108.8 | K18: 123948.8 | L18: ⚪ รอผล | M18: ต่ำ | N18: 1 | O18: —
A19: PL622 | B19: 2026-01 | C19: อนุพงษ์ | D19: B2B อื่นๆ | E19: LKT. 2026-01 -PL622 | G19: เสาไฟถนน | H19: Pole With Bracket 9M-T4-TR | I19: 722064 | J19: 50544.48 | K19: 772608.48 | L19: 📋 ติดตาม | M19: กลาง | N19: 1 | O19: —
A20: PL623 | B20: 2026-01 | C20: ไลท์ติ้ง โซลูชั่น | D20: B2B อื่นๆ | E20: LKT. 2026-01 -PL623 | G20: เสาไฟถนน | H20: Post Top Pole 8M-T4-TR | I20: 80289.44 | J20: 5620.26 | K20: 85909.7 | L20: ⚪ รอผล | M20: ต่ำ | N20: 1 | O20: —
A21: PL624 | B21: 2026-01 | C21: เค บี เอ็ม | D21: B2B อื่นๆ | E21: LKT. 2026-01 -PL624 | G21: เสาไฟถนน | H21: ชุดวายริ่งสายไฟเขา 6 ดวงโคม | I21: 145608.4 | J21: 10192.59 | K21: 155800.99 | L21: ⚪ รอผล | M21: ต่ำ | N21: 1 | O21: อปท. Supply
A22: PL625 | B22: 2026-01 | C22: สุรัตน์ | D22: B2B อื่นๆ | E22: LKT. 2026-01 -PL625 | G22: High Mast | H22: High mast Pole 20 M วงแหวน 8 โคม เหล็ก 4.5 มม. | I22: 6904195 | J22: 483293.65 | K22: 7387488.7 | L22: 🔥 ร้อน | M22: สูงมาก | N22: 1 | O22: —
A23: PL627 | B23: 2026-01 | C23: บจก.มั่นใจ ดีเวลลอปเมนท์ | D23: B2B อื่นๆ | E23: LKT. 2026-01 -PL627 | G23: อื่นๆ | H23: อื่นๆ | I23: 16350 | J23: 1144.5 | K23: 17494.5 | L23: ⚪ รอผล | M23: ต่ำ | N23: 0 | O23: —
A24: PL628 | B24: 2026-01 | C24: ธนาภา เทคโนโลยี่ | D24: B2B อื่นๆ | E24: LKT. 2026-01 -PL628 | G24: อื่นๆ | H24: อื่นๆ | I24: 1860800 | J24: 130256 | K24: 1991056 | L24: 📞 ติดตาม-High | M24: สูง | N24: 0 | O24: —
A25: PL629 | B25: 2026-01 | C25: นราภรณ์ | D25: B2B อื่นๆ | E25: LKT. 2026-01 -PL629 | G25: เสาไฟถนน | H25: Post Top Pole 8M-T4-TR | I25: 171083.5 | J25: 11975.85 | K25: 183059.35 | L25: ⚪ รอผล | M25: ต่ำ | N25: 1 | O25: —
A26: PL630 | B26: 2026-01 | C26: ทริคอิเล็คทริค | D26: B2B อื่นๆ | E26: LKT. 2026-01 -PL630 | F26: 12 มกราคม 2025 | G26: อื่นๆ | H26: อื่นๆ | I26: 100038.4 | J26: 7002.69 | K26: 107041.09 | L26: ⚪ รอผล | M26: ต่ำ | N26: 0 | O26: —
A27: PL631 | B27: 2026-01 | C27: พี เอ็นริช | D27: B2B อื่นๆ | E27: LKT. 2026-01 -PL631 | G27: เสาไฟถนน | H27: Post Top Pole 8M-T4-TR | I27: 44688 | J27: 3128.16 | K27: 47816.16 | L27: ⚪ รอผล | M27: ต่ำ | N27: 1 | O27: —
A28: PL632 | B28: 2026-01 | C28: อินโน ซิสเต็ม | D28: B2B อื่นๆ | E28: LKT. 2026-01 -PL632 | F28: 14 มกราคม 2026 | G28: Electrical Accessories | H28: ชุดBreaker 1P, 10A, 200-240V. 1Set Plate Aluminium | I28: 16059.75 | J28: 1124.18 | K28: 17183.93 | L28: ⚪ รอผล | M28: ต่ำ | N28: 1 | O28: —
A29: PL633 | B29: 2026-01 | C29: พรบันดาลโชค | D29: B2B อื่นๆ | E29: LKT. 2026-01 -PL633 | G29: High Mast | H29: High mast Pole 20 M วงแหวน 8 โคม เหล็ก 4.5 มม. | I29: 545899.2 | J29: 38212.94 | K29: 584112.14 | L29: 📋 ติดตาม | M29: กลาง | N29: 1 | O29: —
A30: PL634 | B30: 2026-01 | C30: ไอซีซี | D30: B2B อื่นๆ | E30: LKT. 2026-01 -PL634 | G30: High Mast | H30: High mast Pole 25 M วงแหวน 8 โคม เหล็ก 6.0,4.5 มม. | I30: 432140.8 | J30: 30249.86 | K30: 462390.66 | L30: 📋 ติดตาม | M30: กลาง | N30: 1 | O30: —
A31: PL635 | B31: 2026-01 | C31: ไลท์ติ้ง โซลูชั่น | D31: B2B อื่นๆ | E31: LKT. 2026-01 -PL635 | F31: 15 มกราคม 2026 | G31: เสาไฟถนน | H31: post top 8M+Arm Bracket 2โคม | I31: 113905 | J31: 7973.35 | K31: 121878.35 | L31: ⚪ รอผล | M31: ต่ำ | N31: 1 | O31: —
A32: PL636 | B32: 2026-01 | C32: ท็อปเบสท์ แมนูแฟคเจอริ่ง | D32: B2B อื่นๆ | E32: LKT. 2026-01 -PL636 | G32: เสาไฟถนน | H32: Pole With Bracket 6M-T4-TR | I32: 444072.3 | J32: 31085.06 | K32: 475157.36 | L32: 📋 ติดตาม | M32: กลาง | N32: 1 | O32: —
A33: PL637 | B33: 2026-01 | C33: บริษัท เดอะวิน เทเลคอม จำกัด | D33: B2B บริษัท | E33: LKT. 2026-01-PL637 | F33: 15 มกราคม 2026 | G33: เสาไฟถนน | H33: เสากลมตรง 4'' H4M. HDG+ทําสีดําเงา | I33: 3044050 | J33: 213083.5 | K33: 3257133.5 | L33: 🔥 ร้อน | M33: สูงมาก | N33: 1 | O33: —
A34: PL638 | B34: 2026-01 | C34: บริษัท เอส.พี.เอส.ทราฟฟิค ไลน์ จำกัด | D34: B2B บริษัท | E34: LKT. 2026-01-PL638 | F34: 15 มกราคม 2026 | G34: อื่นๆ | H34: อื่นๆ | I34: 571830 | J34: 40028.1 | K34: 611858.1 | L34: 📋 ติดตาม | M34: กลาง | N34: 0 | O34: —
A35: PL639 | B35: 2026-01 | C35: บริษัท โกลว์ พาวเวอร์ เทคโนโลยี จำกัด-EGATJOB1 R01 | D35: B2B บริษัท | E35: LKT. 2026-01-PL638 | F35: 15 มกราคม 2026 | G35: เสาไฟถนน | H35: Pole With Bracket 5M-T4-TR | I35: 405150 | J35: 28360.5 | K35: 433510.5 | L35: 📋 ติดตาม | M35: กลาง | N35: 1 | O35: EGAT
A36: PL640 | B36: 2026-01 | C36: บริษัท โกลว์ พาวเวอร์ เทคโนโลยี จำกัด-EGATJOB2 R2 | D36: B2B บริษัท | E36: LKT. 2026-01-PL640 | F36: 18 มกราคม 2026 | G36: อื่นๆ | H36: อื่นๆ | I36: 487450 | J36: 34121.5 | K36: 521571.5 | L36: 📋 ติดตาม | M36: กลาง | N36: 0 | O36: EGAT
A37: PL641 | B37: 2026-01 | C37: บริษัท เอ็นเทค แมเนจเม้นท์ จำกัด (สำนักงานใหญ่) | D37: B2G ภาครัฐ | E37: LKT. 2026-01-PL641 | F37: 18 มกราคม 2026 | G37: อื่นๆ | H37: อื่นๆ | I37: 649600 | J37: 45472 | K37: 695072 | L37: 📋 ติดตาม | M37: กลาง | N37: 0 | O37: —
A38: PL642 | B38: 2026-01 | C38: ดาต้า เวคเตอร์ | D38: B2B อื่นๆ | E38: LKT. 2026-01 -PL642 | F38: 19 มกราคม 2025 | G38: เสาไฟถนน | H38: Post Top Pole 10M-T4-TR | I38: 14565 | J38: 1019.55 | K38: 15584.55 | L38: ⚪ รอผล | M38: ต่ำ | N38: 1 | O38: —
A39: PL643 | B39: 2026-01 | C39: กรรณเลิศ เทรดดิ้ง | D39: B2B อื่นๆ | E39: LKT. 2026-01 -PL642 | F39: 19 มกราคม 2026 | G39: High Mast | H39: Pole With Bracket 9M-T4-TR | I39: 281652 | J39: 19715.64 | K39: 301367.64 | L39: 📋 ติดตาม | M39: กลาง | N39: 1 | O39: —
A40: PL644 | B40: 2026-01 | C40: พรีไซซ | D40: B2B อื่นๆ | E40: LKT. 2026-01 -PL644 | F40: 19 มกราคม 2026 | G40: High Mast | H40: High Mast 15 M PCD550+วงแหวน 6 โคม(โดมOD890) | I40: 485874.2 | J40: 34011.19 | K40: 519885.39 | L40: 📋 ติดตาม | M40: กลาง | N40: 1 | O40: —
A41: PL645 | B41: 2026-01 | C41: ทริคอิเล็คทริค | D41: B2B อื่นๆ | E41: LKT. 2026-01 -PL645 | F41: 20 มกราคม 2025 | G41: อื่นๆ | H41: อื่นๆ | I41: 4263 | J41: 298.41 | K41: 4561.41 | L41: ⚪ รอผล | M41: ต่ำ | N41: 0 | O41: —
A42: PL646 | B42: 2026-01 | C42: เลคิเซ่ เอฟแอนด์เอฟ R01 | D42: B2B อื่นๆ | E42: LKT. 2025-09 -PL465 | F42: 19 มกราคม 2026 | G42: เสาไฟถนน | H42: Pole With Bracket H6.71M4.5tmm.+แร็คไฟฟา7ชอง | I42: 119550 | J42: 8368.5 | K42: 127918.5 | L42: ⚪ รอผล | M42: ต่ำ | N42: 1 | O42: —
A43: PL647 | B43: 2026-01 | C43: ทองมาคอนแทรคเตอร์ | D43: B2B อื่นๆ | E43: LKT. 2026-01 -PL647 | F43: 20 มกราคม 2025 | G43: เสาไฟถนน | H43: Pole With Bracket 9M-T4-TR | I43: 2472177.4 | J43: 173052.42 | K43: 2645229.8 | L43: 📞 ติดตาม-High | M43: สูง | N43: 1 | O43: —
A44: PL648 | B44: 2026-01 | C44: ตั้งใจสร้าง | D44: B2B อื่นๆ | E44: LKT. 2026-01 -PL648 | F44: 20 มกราคม 2026 | G44: High Mast | H44: High Mast 15 M PCD550+วงแหวน 8 โคม(โดมOD890) | I44: 546585.2 | J44: 38260.96 | K44: 584846.16 | L44: 📋 ติดตาม | M44: กลาง | N44: 1 | O44: —
... A59: PL674 | B59: 2026-01 | C59: บริษัท มอส เอ็นเนอร์ยี่ จำกัด | D59: B2B บริษัท | E59: LKT. 2026-01 -PL67ภ | F59: 27 มกราคม 2026 | G59: เสาไฟถนน | H59: Pole With Bracket 6M-T4-TR | I59: 2089164 | J59: 146241.48 | K59: 2235405.5 | L59: 📞 ติดตาม-High | M59: สูง | N59: 1 | O59: —
A60: PL675 | B60: 2026-01 | C60: เอ เอส เอ็ม | D60: B2B อื่นๆ | E60: LKT. 2026-01 -PL675 | G60: อื่นๆ | H60: อื่นๆ | I60: 320900 | J60: 22463 | K60: 343363 | L60: 📋 ติดตาม | M60: กลาง | N60: 0 | O60: —
A61: PL677 | B61: 2026-01 | C61: ฐกฤต ดีเวลลอปเม้นท์ | D61: B2B อื่นๆ | E61: LKT. 2026-01 -PL677 | F61: 29 มกราคม 2026 | G61: LED Highbay | H61: BYD239P LED130/CW PSU GM G2 LED HIGHBAY 100W/6500K | I61: 190708 | J61: 13349.56 | K61: 204057.56 | L61: ⚪ รอผล | M61: ต่ำ | N61: 1 | O61: —
A62: PL678 | B62: 2026-01 | C62: เจแอล มอเตอร์ | D62: B2B อื่นๆ | E62: LKT. 2026-01 -PL678 | F62: 29 มกราคม 2026 | G62: High Mast | H62: HIGH MAST POLE 20M วงแหวน 8 ดวงโคม | I62: 187503.4 | J62: 13125.24 | K62: 200628.64 | L62: ⚪ รอผล | M62: ต่ำ | N62: 1 | O62: —
A63: PL679 | B63: 2026-01 | C63: พลอยภัค | D63: B2B อื่นๆ | E63: LKT. 2026-01 -PL679 | F63: 31 มกราคม 2026 | G63: เสาไฟถนน | H63: Pole With Bracket 14M-T4-TR | I63: 271656 | J63: 19015.92 | K63: 290671.92 | L63: ⚪ รอผล | M63: ต่ำ | N63: 1 | O63: —
A64: PL680 | B64: 2026-02 | C64: กัณฑพงษ์ | D64: B2B อื่นๆ | E64: LKT. 2026-02 -PL680 | G64: เสาไฟถนน | H64: Pole With Bracket 9M-T4-TR | I64: 57844.5 | J64: 4049.12 | K64: 61893.62 | L64: ⚪ รอผล | M64: ต่ำ | N64: 1 | O64: —
A65: PL681 | B65: 2026-02 | C65: บ. ทริปเปิ้ล 89 เอ็นจิเนียริ่ง | D65: B2B อื่นๆ | E65: LKT. 2026-01 -PL681 | G65: เสาไฟถนน | H65: เสากลมตรง 6'' OD165.2 H 6M + Bracket 4'' L 5M | I65: 823200 | J65: 57624 | K65: 880824 | L65: 📋 ติดตาม | M65: กลาง | N65: 1 | O65: —
A66: PL682 | B66: 2026-02 | C66: กรรณเลิศ เทรดดิ้ง | D66: B2B อื่นๆ | E66: LKT. 2026-02 -PL682 | G66: เสาไฟถนน | H66: ฿55.00 | I66: 685387.5 | J66: 47977.13 | K66: 733364.63 | L66: 📋 ติดตาม | M66: กลาง | N66: 1 | O66: —
A67: PL683 | B67: 2026-02 | C67: ศิรประภาก่อสร้าง | D67: B2B อื่นๆ | E67: LKT. 2026-01 -PL683 | G67: เสาไฟถนน | H67: Pole With Bracket 9M-T4-TR | I67: 626857 | J67: 43879.99 | K67: 670736.99 | L67: 📋 ติดตาม | M67: กลาง | N67: 1 | O67: —
A68: PL684 | B68: 2026-02 | C68: บางน้อย | D68: B2B อื่นๆ | E68: LKT. 2026-02 -PL684 | G68: เสาไฟถนน | H68: Pole With Bracket 9M-T4-TR | I68: 539117.6 | J68: 37738.23 | K68: 576855.83 | L68: 📋 ติดตาม | M68: กลาง | N68: 1 | O68: —
A69: PL685 | B69: 2026-02 | C69: เทอร์ม เอ็นจิเนียริ่ง | D69: B2B อื่นๆ | E69: LKT. 2026-02 -PL685 | G69: เสาไฟถนน | H69: เสาสายลอฟา 30M | I69: 441196 | J69: 30883.72 | K69: 472079.72 | L69: 📋 ติดตาม | M69: กลาง | N69: 1 | O69: —
A70: PL686 | B70: 2026-02 | C70: เดือนสวรรค์ | D70: B2B อื่นๆ | E70: LKT. 2026-02 -PL686 | G70: เสาไฟถนน | H70: Post Top Pole 8M-T4-TR | I70: 89376 | J70: 6256.32 | K70: 95632.32 | L70: ⚪ รอผล | M70: ต่ำ | N70: 1 | O70: —
A71: PL687 | B71: 2026-02 | C71: อินโน ซิสเต็ม | D71: B2B อื่นๆ | E71: LKT. 2026-01 -PL687 | G71: Electrical Accessories | H71: ชุด Breaker RCBO 2P 10A 230V 1 SET | I71: 51129 | J71: 3579.03 | K71: 54708.03 | L71: ⚪ รอผล | M71: ต่ำ | N71: 1 | O71: —
A72: PL688 | B72: 2026-02 | C72: โพรเซส | D72: B2B อื่นๆ | E72: LKT. 2026-02 -PL688 | G72: Hardware / Accessories | H72: Set L-Bolt M32 L800 PCD619 | I72: 57432 | J72: 4020.24 | K72: 61452.24 | L72: ⚪ รอผล | M72: ต่ำ | N72: 1 | O72: —
A73: PL689 | B73: 2026-02 | C73: หจก.ชนก อิเล็คทริค | D73: B2B หจก. | E73: LKT. 2026-02 -PL688 | G73: LED Floodlight | H73: BTFL-ZC03-LED FLOODLIGHT 400W/6500K | I73: 1972740 | J73: 138091.8 | K73: 2110831.8 | L73: 📞 ติดตาม-High | M73: สูง | N73: 1 | O73: —
A74: PL690 | B74: 2026-02 | C74: สยามเอ็กซ์เทน | D74: B2B อื่นๆ | E74: LKT. 2026-02 -PL690 | G74: High Mast | H74: High mast Pole 20 M วงแหวน 6 โคม เหล็ก 4.5 มม. | I74: 281808.8 | J74: 19726.62 | K74: 301535.42 | L74: 📋 ติดตาม | M74: กลาง | N74: 1 | O74: —
A75: PL691 | B75: 2026-02 | C75: ยูเนี่ยนกัลวาไนซ์ | D75: B2B อื่นๆ | E75: LKT. 2026-02 -PL691 | G75: High Mast | H75: High mast Pole 30 M วงแหวน 10 โคม เหล็ก 6.0,4.5 มม. | I75: 994896 | J75: 69642.72 | K75: 1064538.7 | L75: 📞 ติดตาม-High | M75: สูง | N75: 1 | O75: —
... A92: PL708 | B92: 2026-02 | C92: บ.เอส.บี.อินดัสทรี ซัพพลาย R01 | D92: B2B อื่นๆ | E92: LKT. 2026-02 -PL707 | G92: High Mast | H92: High mast Pole 15 M วงแหวน 8 โคม เหล็ก 4.5 มม. | I92: 1458847.6 | J92: 102119.33 | K92: 1560966.9 | L92: 📞 ติดตาม-High | M92: สูง | N92: 1 | O92: —
A93: PL709 | B93: 2026-02 | C93: เลคิเซ่ เอฟแอนด์เอฟ | D93: B2B อื่นๆ | E93: LKT. 2026-01 -PL646 | F93: 19 มกราคม 2026 | G93: เสาไฟถนน | H93: Pole With Bracket H6.71M4.5tmm.+แร็คไฟฟา7ชอง | I93: 130092 | J93: 9106.44 | K93: 139198.44 | L93: ⚪ รอผล | M93: ต่ำ | N93: 1 | O93: —
A94: PL710 | B94: 2026-02 | C94: บ.เอสอีซีที | D94: B2B อื่นๆ | E94: LKT. 2026-02 -PL710 | G94: เสาไฟถนน | H94: เสากลมตรง 7''OD190.7 H10m | I94: 155820 | J94: 10907.4 | K94: 166727.4 | L94: ⚪ รอผล | M94: ต่ำ | N94: 1 | O94: —
A95: PL711 | B95: 2026-02 | C95: นายกเทศบาลนครขอนแก่น | D95: B2G อปท. | E95: LKT. 2026-02 -PL711 | G95: High Mast | H95: High mast Pole 15 M วงแหวน 8 โคม เหล็ก 4.5 มม. | I95: 139140.4 | J95: 9739.83 | K95: 148880.23 | L95: ⚪ รอผล | M95: ต่ำ | N95: 1 | O95: —
A96: PL712 | B96: 2026-02 | C96: R01 วีระยุทธ | D96: B2B อื่นๆ | E96: LKT. 2026-02 -PL712 | G96: เสาไฟถนน | H96: Pole With Bracket 6M-T4-TR | I96: 27616.4 | J96: 1933.15 | K96: 29549.55 | L96: ⚪ รอผล | M96: ต่ำ | N96: 1 | O96: —
A97: PL713 | B97: 2026-02 | C97: แซทคอมส์ | D97: B2B อื่นๆ | G97: อื่นๆ | H97: อื่นๆ | I97: 453152 | J97: 31720.64 | K97: 484872.64 | L97: 📋 ติดตาม | M97: กลาง | N97: 0 | O97: —
A98: PL715 | B98: 2026-02 | C98: ไลท์อัพ เสา | D98: B2B อื่นๆ | E98: LKT. 2026-02-715 | G98: เสาไฟถนน | H98: Pole With Bracket 6M-T4-TR | I98: 76675.2 | J98: 5367.26 | K98: 82042.46 | L98: ⚪ รอผล | M98: ต่ำ | N98: 1 | O98: —
A99: PL716 | B99: 2026-02 | C99: บี เอ็ม เค | D99: B2B อื่นๆ | E99: LKT. 2026-02 -PL716 | G99: High Mast | H99: High mast Pole 25 M วงแหวน 8 โคม เหล็ก 6.0,4.5 มม. | I99: 810793.2 | J99: 56755.52 | K99: 867548.72 | L99: 📋 ติดตาม | M99: กลาง | N99: 1 | O99: —
A100: PL717 | B100: 2026-02 | C100: บจก.อินโนเอซ กรุ๊ป | D100: B2B อื่นๆ | E100: LKT. 2026-02 -PL717 | G100: เสาไฟถนน | H100: Pole With Bracket 7M-T4-TR | I100: 64405.6 | J100: 4508.39 | K100: 68913.99 | L100: ⚪ รอผล | M100: ต่ำ | N100: 1 | O100: —
A101: PL718 | B101: 2026-02 | C101: บ.อินทิกริตี้ เซอร์วิส | D101: B2B อื่นๆ | E101: LKT. 2026-02 -PL718 | G101: High Mast | H101: High Mast 25M+Support 3ชั้น H1400 L3400 12โคม | I101: 295060 | J101: 20654.2 | K101: 315714.2 | L101: 📋 ติดตาม | M101: กลาง | N101: 1 | O101: —
A102: PL719 | B102: 2026-02 | C102: สมปอง | D102: B2B อื่นๆ | E102: LKT. 2026-02-719 | G102: High Mast | H102: High mast Pole 30 M วงแหวน 8 โคม เหล็ก 6.0,4.5 มม. | I102: 279574.4 | J102: 19570.21 | K102: 299144.61 | L102: ⚪ รอผล | M102: ต่ำ | N102: 1 | O102: —
A103: PL720 | B103: 2026-02 | C103: กัณฑพงษ์ | D103: B2B อื่นๆ | E103: LKT. 2026-02 -PL680 | G103: Guard Rail / การ์ดเรล | H103: Pole With Bracket 9M-T4-TR | I103: 232848 | J103: 16299.36 | K103: 249147.36 | L103: ⚪ รอผล | M103: ต่ำ | N103: 1 | O103: —
A104: PL721 | B104: 2026-02 | C104: ไลท์อัพ | D104: B2B อื่นๆ | E104: LKT. 2026-02-721 | G104: High Mast | H104: High Mast 30 M PCD750 M42 12Holes + วงแหวน 2 ชั้น 12 โคม | I104: 1307712 | J104: 91539.84 | K104: 1399251.8 | L104: 📞 ติดตาม-High | M104: สูง | N104: 1 | O104: —
A105: PL722 | B105: 2026-02 | C105: ไอซีซี | D105: B2B อื่นๆ | E105: LKT. 2026-02 -PL722 | G105: อื่นๆ | H105: อื่นๆ | I105: 4000 | J105: 280 | K105: 4280 | L105: ⚪ รอผล | M105: ต่ำ | N105: 0 | O105: —
A106: PL723 | B106: 2026-02 | D106: B2B อื่นๆ | E106: LKT. 2026-02-723 | G106: เสาไฟถนน | H106: Pole With Bracket OD60.5 H6M | I106: 386345.4 | J106: 27044.18 | K106: 413389.58 | L106: 📋 ติดตาม | M106: กลาง | N106: 1 | O106: —
A107: PL725 | B107: 2026-02 | C107: ที.เอ็ม.ซี.อุตสาหกรรม | D107: B2B อื่นๆ | E107: LKT. 2026-02 -PL724 | G107: เสาไฟถนน | H107: Pole With Bracket 12M-T4-TR | I107: 853717.2 | J107: 59760.2 | K107: 913477.4 | L107: 📋 ติดตาม | M107: กลาง | N107: 1 | O107: —
A108: PL726 | B108: 2026-02 | C108: ร้าน เอพี กรุ๊ป | D108: B2B Dealer | E108: LKT. 2026-02 -PL726 | G108: เสาไฟถนน | H108: Pole With Bracket 7M-T4-TR | I108: 270970 | J108: 18967.9 | K108: 289937.9 | L108: ⚪ รอผล | M108: ต่ำ | N108: 1 | O108: —
A109: PL727 | B109: 2026-02 | C109: กรุงเทพสนามจันทร์ | D109: B2B อื่นๆ | E109: LKT. 2026-02-727 | G109: High Mast | H109: High mast Pole 15 M วงแหวน 6 โคม เหล็ก 4.5 มม. | I109: 238022.4 | J109: 16661.57 | K109: 254683.97 | L109: ⚪ รอผล | M109: ต่ำ | N109: 1 | O109: —
A110: PL728 | B110: 2026-02 | C110: เคนจิ | D110: B2B อื่นๆ | E110: LKT. 2026-02-728 | G110: LED Streetlight | H110: LED Streetlight 150W 5700K 23,250lm REV.2 | I110: 80752 | J110: 5652.64 | K110: 86404.64 | L110: ⚪ รอผล | M110: ต่ำ | N110: 1 | O110: —
A111: PL729 | B111: 2026-02 | C111: บ.แอสกี้เทค | D111: B2B อื่นๆ | E111: LKT. 2026-02 -PL729 | G111: เสาไฟถนน | H111: Pole With Bracket 7M-T4-TR | I111: 81291 | J111: 5690.37 | K111: 86981.37 | L111: ⚪ รอผล | M111: ต่ำ | N111: 1 | O111: —
A112: PL730 | B112: 2026-02 | C112: บิ๊กแบร์ | D112: B2B อื่นๆ | E112: LKT. 2026-02-730 | G112: เสาไฟถนน | H112: Pole With Bracket 7M-T4-TR | I112: 89866 | J112: 6290.62 | K112: 96156.62 | L112: ⚪ รอผล | M112: ต่ำ | N112: 1 | O112: —
A113: PL731 | B113: 2026-02 | C113: บ. เค.บี.เอ็ม.เทคโนโลยี่ส์ | D113: B2B อื่นๆ | E113: LKT. 2026-02 -PL731 | G113: เสาไฟถนน | H113: Pole With Bracket 9M-T4-TR | I113: 34373.5 | J113: 2406.15 | K113: 36779.65 | L113: ⚪ รอผล | M113: ต่ำ | N113: 1 | O113: —
A114: PL732 | B114: 2026-02 | C114: สุชาบดี | D114: B2B อื่นๆ | E114: LKT. 2026-02-732 | G114: อื่นๆ | H114: อื่นๆ | I114: 184426.1 | J114: 12909.83 | K114: 197335.93 | L114: ⚪ รอผล | M114: ต่ำ | N114: 0 | O114: —
A115: PL733 | B115: 2026-02 | C115: พีเค 21 | D115: B2B อื่นๆ | E115: LKT. 2026-02-733 | G115: อื่นๆ | H115: อื่นๆ | I115: 27714.4 | J115: 1940.01 | K115: 29654.41 | L115: ⚪ รอผล | M115: ต่ำ | N115: 0 | O115: —
A116: PL734 | B116: 2026-02 | C116: นราภรณ์ | D116: B2B อื่นๆ | E116: LKT. 2026-02-734 | G116: อื่นๆ | H116: อื่นๆ | I116: 416343.2 | J116: 29144.02 | K116: 445487.22 | L116: 📋 ติดตาม | M116: กลาง | N116: 0 | O116: —
A117: PL735 | B117: 2026-02 | C117: ไลท์อัพ | D117: B2B อื่นๆ | E117: LKT. 2026-02-735 | G117: เสาไฟถนน | H117: เสากลมตรง 4''OD114.3 H6M ไมชุบกัลวาไนซ | I117: 337790 | J117: 23645.3 | K117: 361435.3 | L117: 📋 ติดตาม | M117: กลาง | N117: 1 | O117: —
A118: PL736 | B118: 2026-02 | C118: บ. ไทยทาสก์อาร์คิเท็คส์ | D118: B2B อื่นๆ | E118: LKT. 2026-02 -PL736 | G118: เสาไฟถนน | H118: Pole With Bracket 4M-T3.2-TR | I118: 5492.9 | J118: 384.5 | K118: 5877.4 | L118: ⚪ รอผล | M118: ต่ำ | N118: 1 | O118: —
... A134: PL752 | B134: 2026-03 | C134: ปี๊มน้ำมัน บริษัท อินเตอร์ เฟอร์นิคอน จำกัด ( สำนักงานใหญ่) | D134: B2G ภาครัฐ | E134: LKT. 2026-03-752 | G134: เสาไฟถนน | H134: เสาสี่เหลี่ยม 100x100x2.3t H6M (สีขาวCS651) | I134: 216750 | J134: 15172.5 | K134: 231922.5 | L134: ⚪ รอผล | M134: ต่ำ | N134: 1 | O134: —
A135: PL753 | B135: 2026-03 | C135: ปั๊มน้ำมัน ส พิรุณพร | D135: B2B อื่นๆ | E135: LKT. 2026-01 -PL659 | F135: 25 มกราคม 2026 | G135: LED Streetlight | H135: LED Streetlight 150W 5700K 23,250lm | I135: 308896 | J135: 21622.72 | K135: 330518.72 | L135: 📋 ติดตาม | M135: กลาง | N135: 1 | O135: —
A136: PL754 | B136: 2026-03 | C136: เอส พี | D136: B2B อื่นๆ | E136: LKT. 2026-03-754 | G136: อื่นๆ | H136: อื่นๆ | I136: 26616.8 | J136: 1863.18 | K136: 28479.98 | L136: ⚪ รอผล | M136: ต่ำ | N136: 0 | O136: —
A137: PL755 | B137: 2026-03 | C137: อินสเปค เอ็นจิเนียริ่ง | D137: B2B อื่นๆ | E137: LKT. 2026-03 -PL755 | G137: เสาไฟถนน | H137: Pole With Bracket 6M-T4-TR | I137: 80149.3 | J137: 5610.45 | K137: 85759.75 | L137: ⚪ รอผล | M137: ต่ำ | N137: 1 | O137: —
A138: PL756 | B138: 2026-03 | C138: อินเตอร์ เอ็กซ์เพิร์ท -สนามฟุตบอล 7 คน | D138: B2B อื่นๆ | E138: LKT. 2026-03 -PL756 | G138: เสาไฟถนน | H138: Post Top Pole 12M-T4-TR | I138: 346170.6 | J138: 24231.94 | K138: 370402.54 | L138: 📋 ติดตาม | M138: กลาง | N138: 1 | O138: —
A139: PL757 | B139: 2026-03 | C139: หจก.ธรรมรงรักษ์ เทรดดิ้ง | D139: B2B หจก. | E139: LKT. 2026-03 -PL757 | G139: Guard Rail / การ์ดเรล | H139: เสาการดเรล OD100 H2.0M | I139: 152878.04 | J139: 10701.46 | K139: 163579.5 | L139: ⚪ รอผล | M139: ต่ำ | N139: 1 | O139: —
A140: PL758 | B140: 2026-03 | C140: ประพันธ์ สิทธิบุตร | D140: B2B อื่นๆ | E140: LKT. 2026-03 -PL758 | G140: LED Highbay | H140: BYD239P LED260/CW PSU GM G2 LED HIGHBAY 200W/6500K | I140: 58329.6 | J140: 4083.07 | K140: 62412.67 | L140: ⚪ รอผล | M140: ต่ำ | N140: 1 | O140: —
A141: PL759 | B141: 2026-03 | C141: บริษัท เบสท์-แพค คอนกรีต จำกัด -Dearler | D141: B2B บริษัท | E141: LKT. 2026-03 -PL759 | G141: อื่นๆ | H141: อื่นๆ | I141: 193500 | J141: 13545 | K141: 207045 | L141: ⚪ รอผล | M141: ต่ำ | N141: 0 | O141: —
A142: PL760 | B142: 2026-03 | C142: ชาคริส | D142: B2B อื่นๆ | E142: LKT. 2026-03-760 | G142: เสาไฟถนน | H142: POLE WITH BRACKET L2.5M. H9M 4.5t พับได กิ่งเดี่ยว | I142: 2058107.8 | J142: 144067.55 | K142: 2202175.4 | L142: 📞 ติดตาม-High | M142: สูง | N142: 1 | O142: —
A143: PL761 | B143: 2026-03 | C143: ไอซีซี | D143: B2B อื่นๆ | E143: LKT. 2026-03 -PL761 | G143: อื่นๆ | H143: อื่นๆ | I143: 56074.77 | J143: 3925.23 | K143: 60000 | L143: ⚪ รอผล | M143: ต่ำ | N143: 0 | O143: —
A144: PL762 | B144: 2026-03 | C144: บีเอ็นพี | D144: B2B อื่นๆ | E144: LKT. 2026-03 -PL743 | G144: Solar | H144: Bracket OD60.5 L1M 15D | I144: 41316.8 | J144: 2892.18 | K144: 44208.98 | L144: ⚪ รอผล | M144: ต่ำ | N144: 1 | O144: —
A145: PL763 | B145: 2026-03 | C145: หจก.มัลติเคิล ลาจเน็จ | D145: B2B หจก. | E145: LKT. 2026-03 -PL763 | G145: อื่นๆ | H145: โคมไฟถนนหลังเตา E40 HPS 250W อุปกรณ Philips | I145: 244647.2 | J145: 17125.3 | K145: 261772.5 | L145: ⚪ รอผล | M145: ต่ำ | N145: 1 | O145: —
A146: PL764 | B146: 2026-03 | C146: บ.ไทยรุ่งเรืองอุตสาหกรรม ไฮแมส | D146: B2B อื่นๆ | E146: LKT. 2026-03 -PL764 | G146: High Mast | H146: High mast Pole 15 M วงแหวน 10 โคม เหล็ก 3.2, 2.5 มม. | I146: 169834 | J146: 11888.38 | K146: 181722.38 | L146: ⚪ รอผล | M146: ต่ำ | N146: 1 | O146: —
...

Sheet 📈 Status Dashboard
A1: LeKise | STATUS DASHBOARD | อัปเดตอัตโนมัติจาก CRM Table | กรอกสถานะตามจริงที่ Column P ใน CRM Table
A3: 💡 วิธีใช้: ไปที่ Sheet 📋 CRM Table → คอลัมน์ P "★ สถานะตามจริง" → เลือก Dropdown | Dashboard นี้จะ Update อัตโนมัติ
A5: สถานะตามจริง | B5: จำนวนใบ | C5: มูลค่ารวม (฿) | D5: % มูลค่า | E5: % ใบ | F5: เฉลี่ย/ใบ
A6: ✅ปิดได้ | B6: =COUNTIF('📋 CRM Table'!P5:P315,"✅ปิดได้") | C6: =SUMIF('📋 CRM Table'!P5:P315,"✅ปิดได้",'📋 CRM Table'!K5:K315) | D6: =IF(SUM('📋 CRM Table'!K5:K315)=0,0,C6/SUM('📋 CRM Table'!K5:K315)) | E6: =IF(COUNTA('📋 CRM Table'!P5:P315)=0,0,B6/COUNTA('📋 CRM Table'!P5:P315)) | F6: =IF(B6=0,0,C6/B6)
A7: 🔥ร้อน-ปิดเร็ว | B7: =COUNTIF('📋 CRM Table'!P5:P315,"🔥ร้อน-ปิดเร็ว") | C7: =SUMIF('📋 CRM Table'!P5:P315,"🔥ร้อน-ปิดเร็ว",'📋 CRM Table'!K5:K315) | D7: =IF(SUM('📋 CRM Table'!K5:K315)=0,0,C7/SUM('📋 CRM Table'!K5:K315)) | E7: =IF(COUNTA('📋 CRM Table'!P5:P315)=0,0,B7/COUNTA('📋 CRM Table'!P5:P315)) | F7: =IF(B7=0,0,C7/B7)
A8: 📞กำลังเจรจา | B8: =COUNTIF('📋 CRM Table'!P5:P315,"📞กำลังเจรจา") | C8: =SUMIF('📋 CRM Table'!P5:P315,"📞กำลังเจรจา",'📋 CRM Table'!K5:K315) | D8: =IF(SUM('📋 CRM Table'!K5:K315)=0,0,C8/SUM('📋 CRM Table'!K5:K315)) | E8: =IF(COUNTA('📋 CRM Table'!P5:P315)=0,0,B8/COUNTA('📋 CRM Table'!P5:P315)) | F8: =IF(B8=0,0,C8/B8)
A9: 💼ส่ง Proposal แล้ว | B9: =COUNTIF('📋 CRM Table'!P5:P315,"💼ส่ง Proposal แล้ว") | C9: =SUMIF('📋 CRM Table'!P5:P315,"💼ส่ง Proposal แล้ว",'📋 CRM Table'!K5:K315) | D9: =IF(SUM('📋 CRM Table'!K5:K315)=0,0,C9/SUM('📋 CRM Table'!K5:K315)) | E9: =IF(COUNTA('📋 CRM Table'!P5:P315)=0,0,B9/COUNTA('📋 CRM Table'!P5:P315)) | F9: =IF(B9=0,0,C9/B9)
A10: ⏳รอลูกค้าตอบ | B10: =COUNTIF('📋 CRM Table'!P5:P315,"⏳รอลูกค้าตอบ") | C10: =SUMIF('📋 CRM Table'!P5:P315,"⏳รอลูกค้าตอบ",'📋 CRM Table'!K5:K315) | D10: =IF(SUM('📋 CRM Table'!K5:K315)=0,0,C10/SUM('📋 CRM Table'!K5:K315)) | E10: =IF(COUNTA('📋 CRM Table'!P5:P315)=0,0,B10/COUNTA('📋 CRM Table'!P5:P315)) | F10: =IF(B10=0,0,C10/B10)
A11: ❌พัก/ไม่ซื้อ | B11: =COUNTIF('📋 CRM Table'!P5:P315,"❌พัก/ไม่ซื้อ") | C11: =SUMIF('📋 CRM Table'!P5:P315,"❌พัก/ไม่ซื้อ",'📋 CRM Table'!K5:K315) | D11: =IF(SUM('📋 CRM Table'!K5:K315)=0,0,C11/SUM('📋 CRM Table'!K5:K315)) | E11: =IF(COUNTA('📋 CRM Table'!P5:P315)=0,0,B11/COUNTA('📋 CRM Table'!P5:P315)) | F11: =IF(B11=0,0,C11/B11)
A12: 🔄Revise ราคา | B12: =COUNTIF('📋 CRM Table'!P5:P315,"🔄Revise ราคา") | C12: =SUMIF('📋 CRM Table'!P5:P315,"🔄Revise ราคา",'📋 CRM Table'!K5:K315) | D12: =IF(SUM('📋 CRM Table'!K5:K315)=0,0,C12/SUM('📋 CRM Table'!K5:K315)) | E12: =IF(COUNTA('📋 CRM Table'!P5:P315)=0,0,B12/COUNTA('📋 CRM Table'!P5:P315)) | F12: =IF(B12=0,0,C12/B12)
A13: ⚪ยังไม่ติดต่อ | B13: =COUNTIF('📋 CRM Table'!P5:P315,"⚪ยังไม่ติดต่อ") | C13: =SUMIF('📋 CRM Table'!P5:P315,"⚪ยังไม่ติดต่อ",'📋 CRM Table'!K5:K315) | D13: =IF(SUM('📋 CRM Table'!K5:K315)=0,0,C13/SUM('📋 CRM Table'!K5:K315)) | E13: =IF(COUNTA('📋 CRM Table'!P5:P315)=0,0,B13/COUNTA('📋 CRM Table'!P5:P315)) | F13: =IF(B13=0,0,C13/B13)
A14: รวมทั้งหมด (ที่กรอกสถานะ) | B14: =COUNTA('📋 CRM Table'!P5:P315) | C14: =SUM('📋 CRM Table'!K5:K315)
A16: 📊 สถานะ Auto (จาก Pipeline Value) — ข้อมูลอ้างอิงจาก CRM Table คอลัมน์ L
A17: 🔥 ร้อน | B17: ≥ 3,000,000 ฿ | C17: =COUNTIF('📋 CRM Table'!L5:L315,"*🔥*") | D17: =SUMIF('📋 CRM Table'!L5:L315,"*🔥*",'📋 CRM Table'!K5:K315)
A18: 📞 ติดตาม-High | B18: 1,000,000 – 2,999,999 ฿ | C18: =COUNTIF('📋 CRM Table'!L5:L315,"*📞*") | D18: =SUMIF('📋 CRM Table'!L5:L315,"*📞*",'📋 CRM Table'!K5:K315)
A19: 📋 ติดตาม | B19: 300,000 – 999,999 ฿ | C19: =COUNTIF('📋 CRM Table'!L5:L315,"*📋*") | D19: =SUMIF('📋 CRM Table'!L5:L315,"*📋*",'📋 CRM Table'!K5:K315)
A20: ⚪ รอผล | B20: < 300,000 ฿ | C20: =COUNTIF('📋 CRM Table'!L5:L315,"*⚪*") | D20: =SUMIF('📋 CRM Table'!L5:L315,"*⚪*",'📋 CRM Table'!K5:K315)

Sheet 👥 Customer CRM
A1: LeKise | Customer CRM 2026 | 273 ลูกค้า | 16 มิ.ย. 2569
A3: # | B3: ชื่อลูกค้า | C3: ประเภท | D3: Deal | E3: มูลค่า (฿) | F3: % | G3: กลุ่มสินค้า | H3: เดือน | I3: PL | J3: ระดับ CRM | K3: กลุ่มงาน | L3: Action
A4: 1 | B4: กรรณเลิศ เทรดดิ้ง | C4: B2B อื่นๆ | D4: 3 | E4: 9826598.3 | F4: 5.3% | G4: High Mast/เสาไฟถนน | H4: 2026-01, 2026-02 | I4: PL682 | J4: A - VIP | K4: — | L4: 📞 ติดตามด่วน
A5: 2 | B5: ภิรมย์ กรุ๊ป | C5: B2B อื่นๆ | D5: 1 | E5: 9536178.1 | F5: 5.2% | G5: High Mast | H5: 2026-06 | I5: PL915 | J5: A - VIP | K5: — | L5: 📞 ติดตามด่วน
A6: 3 | B6: สุรัตน์ | C6: B2B อื่นๆ | D6: 1 | E6: 7387488.7 | F6: 4.0% | G6: High Mast | H6: 2026-01 | I6: PL625 | J6: A - VIP | K6: — | L6: 📞 ติดตามด่วน
A7: 4 | B7: ห้างหุ้นส่วนจำกัด สมบูรณ์อิเล็กทริค หนองบัวลำภู | C7: B2B หจก. | D7: 1 | E7: 6855170.1 | F7: 3.7% | G7: Guard Rail / การ์ดเรล | H7: 2026-05 | I7: PL874 | J7: A - VIP | K7: — | L7: 📞 ติดตามด่วน
A8: 5 | B8: ต้นตะวัน | C8: B2B อื่นๆ | D8: 1 | E8: 5807540 | F8: 3.2% | G8: เสาไฟถนน | H8: 2026-06 | I8: PL932 | J8: A - VIP | K8: — | L8: 📞 ติดตามด่วน
A9: 6 | B9: วันชัยการไฟฟ้า HM20_8 | C9: B2B อื่นๆ | D9: 1 | E9: 4709493.3 | F9: 2.6% | G9: High Mast | H9: 2026-05 | I9: PL861 | J9: A - VIP | K9: — | L9: 📞 ติดตามด่วน
A10: 7 | B10: วันชัยการไฟฟ้า | C10: B2B อื่นๆ | D10: 1 | E10: 4425301.7 | F10: 2.4% | G10: High Mast | H10: 2026-01 | I10: PL658 | J10: A - VIP | K10: — | L10: 📞 ติดตามด่วน
A11: 8 | B11: เบตเตอร์ เวิร์ลด | C11: B2B อื่นๆ | D11: 1 | E11: 3838838.6 | F11: 2.1% | G11: Guard Rail / การ์ดเรล | H11: 2026-05 | I11: PL850 | J11: A - VIP | K11: — | L11: 📞 ติดตามด่วน
A12: 9 | B12: เทศบาลนครเชียงใหม่ | C12: B2G อปท. | D12: 1 | E12: 3805428.2 | F12: 2.1% | G12: เสาไฟถนน | H12: 2026-04 | I12: PL828 | J12: A - VIP | K12: — | L12: 📞 ติดตามด่วน
A13: 10 | B13: วันชัยการไฟฟ้า 2019 | C13: B2B อื่นๆ | D13: 1 | E13: 3578683 | F13: 1.9% | G13: High Mast | H13: 2026-06 | I13: PL919 | J13: A - VIP | K13: — | L13: 📞 ติดตามด่วน
A14: 11 | B14: บริษัท เดอะวิน เทเลคอม จำกัด | C14: B2B บริษัท | D14: 1 | E14: 3257133.5 | F14: 1.8% | G14: เสาไฟถนน | H14: 2026-01 | I14: PL637 | J14: A - VIP | K14: — | L14: 📞 ติดตามด่วน
A15: 12 | B15: เค บี เอ็ม _25ม. 15 | C15: B2B อื่นๆ | D15: 1 | E15: 2747332 | F15: 1.5% | G15: High Mast | H15: 2026-05 | I15: PL908 | J15: B - สำคัญ | K15: อปท. Supply | L15: 📋 นัดหมาย
... A24: 21 | B24: บ.ยูเนียน ทราฟฟิค | C24: B2B อื่นๆ | D24: 1 | E24: 2104569.6 | F24: 1.1% | G24: Guard Rail / การ์ดเรล | H24: 2026-04 | I24: PL837 | J24: B - สำคัญ | K24: — | L24: 📋 นัดหมาย
A25: 22 | C25: B2B อื่นๆ | D25: 3 | E25: 2035615.7 | F25: 1.1% | G25: LED Streetlight/เสาไฟถนน | H25: 2026-04, 2026-05 | I25: PL869 | J25: B - สำคัญ | K25: — | L25: 📋 นัดหมาย
A26: 23 | B26: เอสไลน์พาวเวอร์ [Dealer ใต้] | C26: B2B อื่นๆ | D26: 1 | E26: 2029250.7 | F26: 1.1% | G26: เสาไฟถนน | H26: 2026-05 | I26: PL853 | J26: B - สำคัญ | K26: — | L26: 📋 นัดหมาย
A27: 24 | B27: สมบูรณ์อิเล็คทริค | C27: B2B อื่นๆ | D27: 3 | E27: 2013359.1 | F27: 1.1% | G27: High Mast/LED Streetlight | H27: 2026-01, 2026-03 | I27: PL765 | J27: B - สำคัญ | K27: — | L27: 📋 นัดหมาย
A28: 25 | B28: ที เค | C28: B2B อื่นๆ | D28: 1 | E28: 2012682.8 | F28: 1.1% | G28: เสาไฟถนน | H28: 2026-01 | I28: PL610 | J28: B - สำคัญ | K28: — | L28: 📋 นัดหมาย
A29: 26 | B29: ธนาภา เทคโนโลยี่ | C29: B2B อื่นๆ | D29: 1 | E29: 1991056 | F29: 1.1% | G29: อื่นๆ | H29: 2026-01 | I29: PL628 | J29: B - สำคัญ | K29: — | L29: 📋 นัดหมาย
A30: 27 | B30: ไลท์อัพ | C30: B2B อื่นๆ | D30: 2 | E30: 1760687.1 | F30: 1.0% | G30: High Mast/เสาไฟถนน | H30: 2026-02 | I30: PL735 | J30: B - สำคัญ | K30: — | L30: 📋 นัดหมาย
A31: 28 | B31: บิว | C31: B2B อื่นๆ | D31: 1 | E31: 1706890.1 | F31: 0.9% | G31: เสาไฟถนน | H31: 2026-05 | I31: PL887 | J31: B - สำคัญ | K31: — | L31: 📋 นัดหมาย
A32: 29 | B32: บริษัท บริลลิแอนซ์ จำกัด | C32: B2B บริษัท | D32: 1 | E32: 1641059 | F32: 0.9% | G32: เสาไฟถนน | H32: 2026-06 | I32: PL924 | J32: B - สำคัญ | K32: — | L32: 📋 นัดหมาย
A33: 30 | B33: ไอซีซี | C33: B2B อื่นๆ | D33: 5 | E33: 1586700 | F33: 0.9% | G33: High Mast/อื่นๆ | H33: 2026-03, 2026-04 | I33: PL841 | J33: B - สำคัญ | K33: — | L33: 📋 นัดหมาย
A34: 31 | B34: บ.เอส.บี.อินดัสทรี ซัพพลาย R01 | C34: B2B อื่นๆ | D34: 1 | E34: 1560966.9 | F34: 0.8% | G34: High Mast | H34: 2026-02 | I34: PL708 | J34: B - สำคัญ | K34: — | L34: 📋 นัดหมาย
A35: 32 | B35: เอเชี่ยน | C35: B2B อื่นๆ | D35: 2 | E35: 1556804 | F35: 0.8% | G35: High Mast/เสาไฟถนน | H35: 2026-03 | I35: PL785 | J35: B - สำคัญ | K35: — | L35: 📋 นัดหมาย
A36: 33 | B36: กรมท่าอากาศ | C36: B2G ภาครัฐ | D36: 1 | E36: 1503082.5 | F36: 0.8% | G36: High Mast | H36: 2026-02 | I36: PL701 | J36: B - สำคัญ | K36: — | L36: 📋 นัดหมาย
A37: 34 | B37: บ.ควินตัส แอดวานซ์ | C37: B2B อื่นๆ | D37: 2 | E37: 1461384.6 | F37: 0.8% | G37: High Mast | H37: 2026-03, 2026-04 | I37: PL822 | J37: B - สำคัญ | K37: DOA | L37: 📋 นัดหมาย
... A276: 273 | B276: บ.คินเดน | C276: B2B อื่นๆ | D276: 1 | E276: 0 | F276: 0.0% | G276: อื่นๆ | H276: 2026-06 | I276: PL931 | J276: D - รอผล | K276: — | L276: ⚪ รอสอบถาม

Sheet 🏢 Business Groups
A1: LeKise | กลุ่มงาน EGAT / DOA / ZETA-iOT / อปท. Supply | 16 มิ.ย. 2569
A3: 🏭 กลุ่มงาน EGAT (การไฟฟ้าฝ่ายผลิต) — รวม บ.โกลว์ พาวเวอร์ เทคโนโลยี จำกัด | 3 รายการ | 2.26M ฿
A4: # | B4: ชื่อลูกค้า | C4: เดือน | D4: สินค้าหลัก | E4: PL No. | F4: ก่อน VAT | G4: รวม incl VAT
A5: 1 | B5: บริษัท โกลว์ พาวเวอร์ เทคโนโลยี จำกัด-EGATJOB1 R01 | C5: 2026-01 | D5: Pole With Bracket 5M-T4-TR | E5: PL639 | F5: 405150 | G5: 433510.5
A6: 2 | B6: บริษัท โกลว์ พาวเวอร์ เทคโนโลยี จำกัด-EGATJOB2 R2 | C6: 2026-01 | D6: อื่นๆ | E6: PL640 | F6: 487450 | G6: 521571.5
A7: 3 | B7: บริษัท โกลว์ พาวเวอร์ เทคโนโลยี จำกัด | C7: 2026-05 | D7: อื่นๆ | E7: PL875 | F7: 1218700 | G7: 1304009
A8: รวม EGAT | F8: 2111300 | G8: 2259091
A10: 🌾 กลุ่มงาน DOA (กรมวิชาการเกษตร) — ควินตัส / เดลต้า พลัส / เจมินี เทค | 6 รายการ | 3.07M ฿
A11: # | B11: ชื่อลูกค้า | C11: เดือน | D11: สินค้าหลัก | E11: PL No. | F11: ก่อน VAT | G11: รวม incl VAT
A12: 1 | B12: บ.ควินตัส แอดวานซ์ | C12: 2026-03 | D12: High Mast 25M+Support 3ชั้น H1400 L | E12: PL772 | F12: 1299540 | G12: 1390507.8
A13: 2 | B13: บ.ควินตัส แอดวานซ์ | C13: 2026-04 | D13: ชุดMotorขับวงแหวนขึ้นลง 3 เฟส | E13: PL822 | F13: 66240 | G13: 70876.8
A14: 3 | B14: บ.เจมินี เทค กรมท่ากระบี่ | C14: 2026-04 | D14: Pole With Bracket 9M-T4-TR | E14: PL824 | F14: 589950 | G14: 631246.5
A15: 4 | B15: เดลต้า พลัส ชุดเกียร์วินซ์คู่ | C15: 2026-05 | D15: ชุดเกียรวินซคู+ซัพพอรตเกียร+ชุ | E15: PL851 | F15: 118750 | G15: 127062.5
A16: 5 | B16: บ.เจมินี เทค กรมท่ากระบี่ | C16: 2026-05 | D16: อื่นๆ | E16: PL909 | F16: 350550 | G16: 375088.5
A17: 6 | B17: เดลต้า พลัส เอ็นจิเนียริ่ง | C17: 2026-06 | D17: High Mast 10M 6t+Support 2ชั้น H700 | E17: PL923 | F17: 440200 | G17: 471014
A18: รวม DOA | F18: 2865230 | G18: 3065796.1
A20: 📡 กลุ่มงาน ZETA-iOT — ซีซีทีวี / ZETA-9 Cloud / คาแนล วัน | 6 รายการ | 2.17M ฿
A21: # | B21: ชื่อลูกค้า | C21: เดือน | D21: สินค้าหลัก | E21: PL No. | F21: ก่อน VAT | G21: รวม incl VAT
A22: 1 | B22: ZETA-SI / บริษัท ซีซีทีวี (ประเทศไทย) จำกัด | C22: 2026-04 | D22: อื่นๆ | E22: PL811 | F22: 838750 | G22: 897462.5
A23: 2 | B23: ZETA-9 Cloud (Controller) | C23: 2026-04 | D23: อื่นๆ | E23: PL816 | F23: 3750 | G23: 4012.5
A24: 3 | B24: SI / บริษัท ซีซีทีวี (ประเทศไทย) จำกัด | C24: 2026-04 | D24: อื่นๆ | E24: PL817 | F24: 838750 | G24: 897462.5
A25: 4 | B25: บริษัท ซีซีทีวี (ประเทศไทย) จำกัด | C25: 2026-04 | D25: Adaptor L200 OD60.5x4t Rev.01 | E25: PL827 | F25: 128250 | G25: 137227.5
A26: 5 | B26: SI / บริษัท ซีซีทีวี (ประเทศไทย) จำกัด | C26: 2026-04 | D26: Street Light Cover E27 | E26: PL847 | F26: 21350 | G26: 22844.5
A27: 6 | B27: ZETA-9 Cloud / บริษัท คาแนล วัน จำกัด | C27: 2026-05 | D27: อื่นๆ | E27: PL911 | F27: 193050 | G27: 206563.5
A28: รวม ZETA-iOT | F28: 2023900 | G28: 2165573
A30: 🏛️ กลุ่มงาน อปท. Supply — เค บี เอ็ม เทคโนโลยี จำกัด | 10 รายการ | 5.82M ฿
A31: # | B31: ชื่อลูกค้า | C31: เดือน | D31: สินค้าหลัก | E31: PL No. | F31: ก่อน VAT | G31: รวม incl VAT
A32: 1 | B32: เค บี เอ็ม | C32: 2026-01 | D32: ชุดวายริ่งสายไฟเขา 6 ดวงโคม | E32: PL624 | F32: 145608.4 | G32: 155800.99
A33: 2 | B33: เค บี เอ็ม | C33: 2026-01 | D33: High mast Pole 20 M วงแหวน 8 โคม เห | E33: PL649 | F33: 162660.4 | G33: 174046.63
A34: 3 | B34: เค บี เอ็ม | C34: 2026-04 | D34: Ground Rod for hightmass pole | E34: PL831 | F34: 133344 | G34: 142678.08
A35: 4 | B35: เค บี เอ็ม เสา HM 30ม. | C35: 2026-05 | D35: High mast Pole 30 M วงแหวน 8 โคม เห | E35: PL856 | F35: 342216 | G35: 366171.12
A36: 5 | B36: เค บี เอ็ม 15 ม. | C36: 2026-05 | D36: High mast Pole 15 M วงแหวน 6โคม | E36: PL864 | F36: 330064 | G36: 353168.48
A37: 6 | B37: เค บี เอ็ม | C37: 2026-05 | D37: อื่นๆ | E37: PL886 | F37: 70716.8 | G37: 75666.98
A38: 7 | B38: เค บี เอ็ม | C38: 2026-05 | D38: โคมกันนํ้ากันฝุน FT-TUBEPROTECT/VE | E38: PL891 | F38: 7497 | G38: 8021.79
A39: 8 | B39: เค บี เอ็ม 15ม. | C39: 2026-05 | D39: High Mast 15M วงแหวน 8 โคม 11 ลอน | E39: PL905 | F39: 711872 | G39: 761703.04
A40: 9 | B40: เค บี เอ็ม _25ม. 15 | C40: 2026-05 | D40: High Mast 25 M + Stadium 3 ชั้น 15 | E40: PL908 | F40: 2567600 | G40: 2747332
A41: 10 | B41: เค บี เอ็ม 18ม. | C41: 2026-06 | D41: Set L-Bolt M32 L800 PCD619 | E41: PL933 | F41: 967260 | G41: 1034968.2
A42: รวม อปท. Supply | F42: 5438838.6 | G42: 5819557.3

Sheet 🛡️ Guard Rail
A1: LeKise | Guard Rail / การ์ดเรล | 21 รายการ | 17.26M ฿ | 16 มิ.ย. 2569
A3: Pipeline Guard Rail รวม: 17.26M ฿ | 21 รายการ
A4: # | B4: ชื่อลูกค้า | C4: เดือน | D4: PL No. | E4: สินค้า | F4: ก่อน VAT (฿) | G4: VAT 7% | H4: รวม incl VAT | I4: สถานะ (Auto) | J4: กลุ่มงาน
A5: 1 | B5: ห้างหุ้นส่วนจำกัด สมบูรณ์อิเล็กทริค หนองบัวลำภู | C5: 2026-05 | D5: PL874 | E5: เสาการดเรล OD100 H2.0M | F5: 6406701 | G5: 448469.07 | H5: 6855170.1 | I5: 🔥 ร้อน | J5: —
A6: 2 | B6: เบตเตอร์ เวิร์ลด | C6: 2026-05 | D6: PL850 | E6: เสาการดเรล OD100 H2.0M (เชื่อมเพลท) | F6: 3587699.6 | G6: 251138.97 | H6: 3838838.6 | I6: 🔥 ร้อน | J6: —
A7: 3 | B7: บ.ยูเนียน ทราฟฟิค | C7: 2026-04 | D7: PL837 | E7: เสาการดเรล OD100 H2.0M | F7: 1966887.4 | G7: 137682.12 | H7: 2104569.6 | I7: 📞 ติดตาม-High | J7: —
A8: 4 | B8: อี อี เอส ที เรซซิ่ง 2.5 | C8: 2026-05 | D8: PL901 | E8: เสาการดเรล OD100 H2.0M | F8: 867167.7 | G8: 60701.74 | H8: 927869.44 | I8: 📋 ติดตาม | J8: —
A9: 5 | B9: องค์การบริหารส่วนตำบลตาขัน | C9: 2026-06 | D9: PL939 | E9: การ์ดเรล Ø60.3×3.2t สีเทา | F9: 845503.41 | G9: 59185.24 | H9: 904688.65 | I9: 📋 ติดตาม | J9: —
A10: 6 | B10: ส่องกิจก่อสร้าง 3.2 | C10: 2026-05 | D10: PL881 | E10: เสาการดเรล OD100 H2.0M | F10: 522547.76 | G10: 36578.34 | H10: 559126.1 | I10: 📋 ติดตาม | J10: —
A11: 7 | B11: สมบูรณ์อิเลคทริค หนองบัวลำภู | C11: 2026-05 | D11: PL871 | E11: ชุดวายริ่งสายไฟเขา 6 ดวงโคม | F11: 299684 | G11: 20977.88 | H11: 320661.88 | I11: 📋 ติดตาม | J11: —
A12: 8 | B12: คุณนพกร | C12: 2026-06 | D12: PL936 | E12: การ์ดเรล Ø48.3×2.5t สีขาว-แดง | F12: 299651.52 | G12: 20975.61 | H12: 320627.13 | I12: 📋 ติดตาม | J12: —
A13: 9 | B13: กัณฑพงษ์ | C13: 2026-02 | D13: PL720 | E13: Pole With Bracket 9M-T4-TR | F13: 232848 | G13: 16299.36 | H13: 249147.36 | I13: ⚪ รอผล | J13: —
A14: 10 | B14: นพพร สุมงคล 2.5 | C14: 2026-05 | D14: PL865 | E14: เสาการดเรล OD100 H2.0M | F14: 190686.44 | G14: 13348.05 | H14: 204034.49 | I14: ⚪ รอผล | J14: —
A15: 11 | B15: พรุดินนา ดีไซน์ | C15: 2026-06 | D15: PL922 | E15: เสาการดเรล OD100 H2.0M | F15: 182056.39 | G15: 12743.95 | H15: 194800.34 | I15: ⚪ รอผล | J15: —
A16: 12 | B16: วิภาสกฤต บำรุงพืช | C16: 2026-05 | D16: PL879 | E16: เสาการดเรล OD100 H2.0M | F16: 178626.56 | G16: 12503.86 | H16: 191130.42 | I16: ⚪ รอผล | J16: —
... A25: 21 | B25: คุณจัสมิน | C25: 2026-04 | D25: PL810 | E25: เสาการดเรล OD100 H2.0M (เชื่อมเพลท) | F25: 4688.32 | G25: 328.18 | H25: 5016.5 | I25: ⚪ รอผล | J25: —
A26: รวม Guard Rail / การ์ดเรล — 21 รายการ | F26: 16131732 | G26: 1129221.2 | H26: 17260953

Sheet 📦 Product Matrix
A1: LeKise | Product × Month Matrix 2026 | 16 มิ.ย. 2569
A3: กลุ่มสินค้า / เดือน | B3: 2026-01 | C3: 2026-02 | D3: 2026-03 | E3: 2026-04 | F3: 2026-05 | G3: 2026-06 | H3: รวม | I3: % | J3: ใบ
A4: High Mast | B4: 27712859 | C4: 9053089 | D4: 6229862.3 | E4: 2050676.4 | F4: 12674263 | G4: 19419528 | H4: 77140277 | I4: 42.0% | J4: 74
A5: Guard Rail / การ์ดเรล | C5: 249147.36 | D5: 169613.14 | E5: 2235328.9 | F5: 13169879 | G5: 1436985 | H5: 17260953 | I5: 9.4% | J5: 21
A6: เสาไฟถนน | B6: 15528660 | C6: 6731310.1 | D6: 9305980.1 | E6: 10095110 | F6: 11133661 | G6: 8953140.8 | H6: 61747862 | I6: 33.6% | J6: 133
A7: LED Streetlight | B7: 1142580.2 | C7: 264238.64 | D7: 656500.11 | E7: 1645272.2 | G7: 863312.38 | H7: 4571903.6 | I7: 2.5% | J7: 15
A8: LED Floodlight | C8: 2110831.8 | E8: 952390.95 | F8: 88292.12 | H8: 3151514.9 | I8: 1.7% | J8: 4
A9: LED Highbay | B9: 204057.56 | D9: 62412.67 | H9: 266470.23 | I9: 0.1% | J9: 2
A10: Solar | B10: 55481.59 | D10: 619874.33 | H10: 675355.92 | I10: 0.4% | J10: 3
A11: สายส่งไฟฟ้า | B11: 2615208.4 | H11: 2615208.4 | I11: 1.4% | J11: 1
A12: Hardware / Accessories | C12: 111176.85 | D12: 9395.46 | H12: 120572.31 | I12: 0.1% | J12: 3
A13: Electrical Accessories | B13: 41390.86 | C13: 54708.03 | H13: 96098.89 | I13: 0.1% | J13: 3
A14: อื่นๆ | B14: 5161933.3 | C14: 2802356.1 | D14: 2697503.9 | E14: 2232769 | F14: 2951741 | G14: 349941.94 | H14: 16196245 | I14: 8.8% | J14: 52
A15: รวมทุกกลุ่ม | B15: 52462171 | C15: 21376858 | D15: 19751142 | E15: 19211547 | F15: 40017836 | G15: 31022908 | H15: 1.8384246e+08 | I15: 100% | J15: 311

Sheet ✅ Follow-Up Tracker
A1: LeKise | Follow-Up Tracker | Priority Order | 16 มิ.ย. 2569
A3: ใบเสนอ ≥ 100,000 บาท | 216 รายการ | รวม 180.3M ฿ | 16 มิ.ย. 2569
A4: # | B4: PL No. | C4: ชื่อลูกค้า | D4: เดือน | E4: สินค้าหลัก | F4: เลขที่ใบเสนอ | G4: ก่อน VAT | H4: VAT 7% | I4: รวม incl VAT | J4: สถานะ (Auto) | K4: สถานะตามจริง | L4: ความสำคัญ | M4: กลุ่มงาน | N4: Action
A5: 1 | B5: PL915 | C5: ภิรมย์ กรุ๊ป | D5: 2026-06 | E5: High mast Pole 25 M วงแหวน 10 | F5: LKT. 2026-06 -PL915 | G5: 8912316 | H5: 623862.12 | I5: 9536178.1 | J5: 🔥 ร้อน | K5: — | L5: สูงมาก | M5: — | N5: 📞 ติดตามด่วน!
A6: 2 | B6: PL654 | C6: กรรณเลิศ เทรดดิ้ง | D6: 2026-01 | E6: High mast Pole 20 M วงแหวน 8 โ | F6: LKT. 2026-01 -PL642 | G6: 8216697.2 | H6: 575168.81 | I6: 8791866.1 | J6: 🔥 ร้อน | K6: — | L6: สูงมาก | M6: — | N6: 📞 ติดตามด่วน!
A7: 3 | B7: PL625 | C7: สุรัตน์ | D7: 2026-01 | E7: High mast Pole 20 M วงแหวน 8 โ | F7: LKT. 2026-01 -PL625 | G7: 6904195 | H7: 483293.65 | I7: 7387488.7 | J7: 🔥 ร้อน | K7: — | L7: สูงมาก | M7: — | N7: 📞 ติดตามด่วน!
A8: 4 | B8: PL874 | C8: ห้างหุ้นส่วนจำกัด สมบูรณ์อิเล็กทริค หนองบัวลำภู | D8: 2026-05 | E8: เสาการดเรล OD100 H2.0M | F8: LKT. 2026-05-869 | G8: 6406701 | H8: 448469.07 | I8: 6855170.1 | J8: 🔥 ร้อน | K8: — | L8: สูงมาก | M8: — | N8: 📞 ติดตามด่วน!
A9: 5 | B9: PL932 | C9: ต้นตะวัน | D9: 2026-06 | E9: Pole With Bracket 12M-T4-TR (ช | F9: LKT. 2026-06 -PL932 | G9: 5427607.5 | H9: 379932.53 | I9: 5807540 | J9: 🔥 ร้อน | K9: — | L9: สูงมาก | M9: — | N9: 📞 ติดตามด่วน!
A10: 6 | B10: PL861 | C10: วันชัยการไฟฟ้า HM20_8 | D10: 2026-05 | E10: HIGH MAST POLE 20M วงแหวน 8โคม | F10: LKT. 2026-05 -PL861 | G10: 4401395.6 | H10: 308097.69 | I10: 4709493.3 | J10: 🔥 ร้อน | K10: — | L10: สูงมาก | M10: — | N10: 📞 ติดตามด่วน!
A11: 7 | B11: PL658 | C11: วันชัยการไฟฟ้า | D11: 2026-01 | E11: HIGH MAST POLE 20M วงแหวน 8โคม | F11: LKT. 2026-01 -PL658 | G11: 4135796 | H11: 289505.72 | I11: 4425301.7 | J11: 🔥 ร้อน | K11: — | L11: สูงมาก | M11: — | N11: 📞 ติดตามด่วน!
A12: 8 | B12: PL850 | C12: เบตเตอร์ เวิร์ลด | D12: 2026-05 | E12: เสาการดเรล OD100 H2.0M (เชื่อ | F12: LKT. 2026-05 -PL851 | G12: 3587699.6 | H12: 251138.97 | I12: 3838838.6 | J12: 🔥 ร้อน | K12: — | L12: สูงมาก | M12: — | N12: 📞 ติดตามด่วน!
A13: 9 | B13: PL828 | C13: เทศบาลนครเชียงใหม่ | D13: 2026-04 | E13: Pole With Bracket 9M-T4-TR | F13: LKT. 2026-01 -PL613 | G13: 3556475 | H13: 248953.25 | I13: 3805428.2 | J13: 🔥 ร้อน | K13: — | L13: สูงมาก | M13: — | N13: 📞 ติดตามด่วน!
A14: 10 | B14: PL919 | C14: วันชัยการไฟฟ้า 2019 | D14: 2026-06 | E14: HIGH MAST POLE 20M วงแหวน 8โคม | F14: LKT. 2026-06 -PL919 | G14: 3344563.6 | H14: 234119.45 | I14: 3578683 | J14: 🔥 ร้อน | K14: — | L14: สูงมาก | M14: — | N14: 📞 ติดตามด่วน!
A15: 11 | B15: PL637 | C15: บริษัท เดอะวิน เทเลคอม จำกัด | D15: 2026-01 | E15: เสากลมตรง 4'' H4M. HDG+ทําสีดํ | F15: LKT. 2026-01-PL637 | G15: 3044050 | H15: 213083.5 | I15: 3257133.5 | J15: 🔥 ร้อน | K15: — | L15: สูงมาก | M15: — | N15: 📞 ติดตามด่วน!
A16: 12 | B16: PL908 | C16: เค บี เอ็ม _25ม. 15 | D16: 2026-05 | E16: High Mast 25 M + Stadium 3 ชั้ | F16: LKT. 2026-05 -PL908 | G16: 2567600 | H16: 179732 | I16: 2747332 | J16: 📞 ติดตาม-High | K16: — | L16: สูง | M16: อปท. Supply | N16: 📋 นัดประชุม
... A56: 52 | B56: PL862 | C56: เอ็ม เอ็น | D56: 2026-05 | E56: Pole With Bracket 9M-T4-TR | F56: LKT. 2026-05 -PL862 | G56: 805011.2 | H56: 56350.78 | I56: 861361.98 | J56: 📋 ติดตาม | K56: — | L56: กลาง | M56: — | N56: 📧 ส่ง Email
A57: 53 | B57: PL869 | D57: 2026-05 | E57: Pole With Bracket 9M-T4-TR | F57: LKT. 2026-05 -PL862 | G57: 805011.2 | H57: 56350.78 | I57: 861361.98 | J57: 📋 ติดตาม | K57: — | L57: กลาง | M57: — | N57: 📧 ส่ง Email
A58: 54 | B58: PL898 | C58: ฐิดาภา ขันทอง | D58: 2026-05 | E58: HIGH MAST POLE 18M วงแหวน 10โค | F58: LKT. 2026-05-PL898 | G58: 793447.2 | H58: 55541.3 | I58: 848988.5 | J58: 📋 ติดตาม | K58: — | L58: กลาง | M58: — | N58: 📧 ส่ง Email
A59: 55 | B59: PL622 | C59: อนุพงษ์ | D59: 2026-01 | E59: Pole With Bracket 9M-T4-TR | F59: LKT. 2026-01 -PL622 | G59: 722064 | H59: 50544.48 | I59: 772608.48 | J59: 📋 ติดตาม | K59: — | L59: กลาง | M59: — | N59: 📧 ส่ง Email
A60: 56 | B60: PL905 | C60: เค บี เอ็ม 15ม. | D60: 2026-05 | E60: High Mast 15M วงแหวน 8 โคม 11 | F60: LKT. 2026-05 -PL905 | G60: 711872 | H60: 49831.04 | I60: 761703.04 | J60: 📋 ติดตาม | K60: — | L60: กลาง | M60: อปท. Supply | N60: 📧 ส่ง Email
A61: 57 | B61: PL34 | D61: 2026-04 | E61: กิ่ง (ทอกลมหนา 2.3mm.) ขนาด 2 | F61: LKT. 2026-04 -PL819 | G61: 711088 | H61: 49776.16 | I61: 760864.16 | J61: 📋 ติดตาม | K61: — | L61: กลาง | M61: — | N61: 📧 ส่ง Email
A62: 58 | B62: PL819 | C62: อริ | D62: 2026-04 | E62: กิ่ง (ทอกลมหนา 2.3mm.) ขนาด 2 | F62: LKT. 2026-04 -PL819 | G62: 711088 | H62: 49776.16 | I62: 760864.16 | J62: 📋 ติดตาม | K62: — | L62: กลาง | M62: — | N62: 📧 ส่ง Email
A63: 59 | B63: PL930 | C63: เอชาย เทคโนโลยี | D63: 2026-06 | E63: RT-7A81-15057 โคมไฟถนน Street | F63: LKT. 2026-06 -PL930 | G63: 710010 | H63: 49700.7 | I63: 759710.7 | J63: 📋 ติดตาม | K63: — | L63: กลาง | M63: — | N63: 📧 ส่ง Email
A64: 60 | B64: PL777 | C64: วิ-หลี | D64: 2026-03 | E64: Pole With Bracket 9M-T4-TR | F64: LKT. 2026-03 -PL777 | G64: 699426 | H64: 48959.82 | I64: 748385.82 | J64: 📋 ติดตาม | K64: — | L64: กลาง | M64: — | N64: 📧 ส่ง Email
A65: 61 | B65: PL682 | C65: กรรณเลิศ เทรดดิ้ง | D65: 2026-02 | E65: ฿55.00 | F65: LKT. 2026-02 -PL682 | G65: 685387.5 | H65: 47977.13 | I65: 733364.63 | J65: 📋 ติดตาม | K65: — | L65: กลาง | M65: — | N65: 📧 ส่ง Email
A66: 62 | B66: PL880 | C66: ณัชนันท์ พีเอ | D66: 2026-05 | E66: ชุดวายริ่งสายไฟ 6 ดวงโคม (สายไ | F66: LKT. 2026-05 -PL880 | G66: 656600 | H66: 45962 | I66: 702562 | J66: 📋 ติดตาม | K66: — | L66: กลาง | M66: — | N66: 📧 ส่ง Email
A67: 63 | B67: PL641 | C67: บริษัท เอ็นเทค แมเนจเม้นท์ จำกัด (สำนักงานใหญ่) | D67: 2026-01 | E67: อื่นๆ | F67: LKT. 2026-01-PL641 | G67: 649600 | H67: 45472 | I67: 695072 | J67: 📋 ติดตาม | K67: — | L67: กลาง | M67: — | N67: 📧 ส่ง Email
A68: 64 | B68: PL780 | C68: ไชยวัฒน์ | D68: 2026-03 | E68: Post Top Pole 5M-T4-TR | F68: LKT. 2026-03 -PL780 | G68: 641410 | H68: 44898.7 | I68: 686308.7 | J68: 📋 ติดตาม | K68: — | L68: กลาง | M68: — | N68: 📧 ส่ง Email
A69: 65 | B69: PL806 | C69: วิหลี | D69: 2026-04 | E69: Pole With Bracket 6M-T4-TR | F69: LKT. 2026-04 -PL806 | G69: 631747.2 | H69: 44222.3 | I69: 675969.5 | J69: 📋 ติดตาม | K69: — | L69: กลาง | M69: — | N69: 📧 ส่ง Email
A70: 66 | B70: PL683 | C70: ศิรประภาก่อสร้าง | D70: 2026-02 | E70: Pole With Bracket 9M-T4-TR | F70: LKT. 2026-01 -PL683 | G70: 626857 | H70: 43879.99 | I70: 670736.99 | J70: 📋 ติดตาม | K70: — | L70: กลาง | M70: — | N70: 📧 ส่ง Email
A71: 67 | B71: PL943 | C71: บมจ.เมืองไทยประกันชีวิต | D71: 2026-06 | E71: High Mast 15M+Motor (4 ต้น)+ค่ | F71: LKT. 2026-06 -PL943 | G71: 610599 | H71: 42741.93 | I71: 653340.93 | J71: 📋 ติดตาม | K71: — | L71: กลาง | M71: — | N71: 📧 ส่ง Email
A72: 68 | B72: PL697 | C72: อาริยะ กรุ๊ป | D72: 2026-02 | E72: High mast Pole 20 M วงแหวน 6 โ | F72: LKT. 2026-02 -PL697 | G72: 601994.4 | H72: 42139.61 | I72: 644134.01 | J72: 📋 ติดตาม | K72: — | L72: กลาง | M72: — | N72: 📧 ส่ง Email
A73: 69 | B73: PL824 | C73: บ.เจมินี เทค กรมท่ากระบี่ | D73: 2026-04 | E73: Pole With Bracket 9M-T4-TR | F73: LKT. 2026-04 -PL824 | G73: 589950 | H73: 41296.5 | I73: 631246.5 | J73: 📋 ติดตาม | K73: — | L73: กลาง | M73: DOA | N73: 📧 ส่ง Email
... A103: 99 | B103: PL612 | C103: สมบูรณ์อิเล็คทริค | D103: 2026-01 | E103: BTFL-ZC03-400W/LED FLOODLIGHT | F103: LKT. 2026-01 -PL612 | G103: 453936 | H103: 31775.52 | I103: 485711.52 | J103: 📋 ติดตาม | K103: — | L103: กลาง | M103: — | N103: 📧 ส่ง Email
A104: 100 | B104: PL713 | C104: แซทคอมส์ | D104: 2026-02 | E104: อื่นๆ | G104: 453152 | H104: 31720.64 | I104: 484872.64 | J104: 📋 ติดตาม | K104: — | L104: กลาง | M104: — | N104: 📧 ส่ง Email
A105: 101 | B105: PL636 | C105: ท็อปเบสท์ แมนูแฟคเจอริ่ง | D105: 2026-01 | E105: Pole With Bracket 6M-T4-TR | F105: LKT. 2026-01 -PL636 | G105: 444072.3 | H105: 31085.06 | I105: 475157.36 | J105: 📋 ติดตาม | K105: — | L105: กลาง | M105: — | N105: 📧 ส่ง Email
A106: 102 | B106: PL685 | C106: เทอร์ม เอ็นจิเนียริ่ง | D106: 2026-02 | E106: เสาสายลอฟา 30M | F106: LKT. 2026-02 -PL685 | G106: 441196 | H106: 30883.72 | I106: 472079.72 | J106: 📋 ติดตาม | K106: — | L106: กลาง | M106: — | N106: 📧 ส่ง Email
A107: 103 | B107: PL923 | C107: เดลต้า พลัส เอ็นจิเนียริ่ง | D107: 2026-06 | E107: High Mast 10M 6t+Support 2ชั้น | F107: LKT. 2026-06-PL923 | G107: 440200 | H107: 30814 | I107: 471014 | J107: 📋 ติดตาม | K107: — | L107: กลาง | M107: DOA | N107: 📧 ส่ง Email
A108: 104 | B108: PL855 | C108: บ.นิวสตาร์ | D108: 2026-05 | E108: High Mast Pole 10 M + วงแหวน 6 | F108: LKT. 2026-05-PL855 | G108: 434532 | H108: 30417.24 | I108: 464949.24 | J108: 📋 ติดตาม | K108: — | L108: กลาง | M108: — | N108: 📧 ส่ง Email
A109: 105 | B109: PL634 | C109: ไอซีซี | D109: 2026-01 | E109: High mast Pole 25 M วงแหวน 8 โ | F109: LKT. 2026-01 -PL634 | G109: 432140.8 | H109: 30249.86 | I109: 462390.66 | J109: 📋 ติดตาม | K109: — | L109: กลาง | M109: — | N109: 📧 ส่ง Email
A110: 106 | B110: PL920 | C110: ณัชนันท์ พีเอ | D110: 2026-06 | E110: Post Top Pole ตัว T 15 M+Arm B | F110: LKT. 2026-06 -PL920 | G110: 428652 | H110: 30005.64 | I110: 458657.64 | J110: 📋 ติดตาม | K110: — | L110: กลาง | M110: — | N110: 📧 ส่ง Email
A111: 107 | B111: PL785 | C111: เอเชี่ยน | D111: 2026-03 | E111: Pole With Bracket 4M-T3.2-TR | F111: LKT. 2026-03 -PL783 | G111: 423536.4 | H111: 29647.55 | I111: 453183.95 | J111: 📋 ติดตาม | K111: — | L111: กลาง | M111: — | N111: 📧 ส่ง Email
A112: 108 | B112: PL734 | C112: นราภรณ์ | D112: 2026-02 | E112: อื่นๆ | F112: LKT. 2026-02-734 | G112: 416343.2 | H112: 29144.02 | I112: 445487.22 | J112: 📋 ติดตาม | K112: — | L112: กลาง | M112: — | N112: 📧 ส่ง Email
A113: 109 | B113: PL639 | C113: บริษัท โกลว์ พาวเวอร์ เทคโนโลยี จำกัด-EGATJOB1 R01 | D113: 2026-01 | E113: Pole With Bracket 5M-T4-TR | F113: LKT. 2026-01-PL638 | G113: 405150 | H113: 28360.5 | I113: 433510.5 | J113: 📋 ติดตาม | K113: — | L113: กลาง | M113: EGAT | N113: 📧 ส่ง Email
A114: 110 | B114: PL863 | C114: ไอริส โอยามะ R01 | D114: 2026-05 | E114: High mast Pole 25 M วงแหวน 8 โ | F114: LKT. 2026-05 -PL863 | G114: 402740.8 | H114: 28191.86 | I114: 430932.66 | J114: 📋 ติดตาม | K114: — | L114: กลาง | M114: — | N114: 📧 ส่ง Email
A115: 111 | B115: PL825 | C115: ช รุ่งแสง | D115: 2026-04 | E115: Pole With Bracket 8M-T4-TR | F115: LKT. 2026-04 -PL825 | G115: 402325 | H115: 28162.75 | I115: 430487.75 | J115: 📋 ติดตาม | K115: — | L115: กลาง | M115: — | N115: 📧 ส่ง Email
A116: 112 | B116: PL839 | C116: คุณทยุตกรณ์ | D116: 2026-04 | E116: High Mast 15 M+วงแหวน 4โคม PCD | F116: LKT. 2026-04 -PL839 | G116: 399744 | H116: 27982.08 | I116: 427726.08 | J116: 📋 ติดตาม | K116: — | L116: กลาง | M116: — | N116: 📧 ส่ง Email
A117: 113 | B117: PL805 | C117: เบสท์แพ็ค คอนกรีต เสา9 เมตร | D117: 2026-04 | E117: Pole With Bracket 9M-T4-TR | F117: LKT. 2026-03 -PL805 | G117: 396838.75 | H117: 27778.71 | I117: 424617.46 | J117: 📋 ติดตาม | K117: — | L117: กลาง | M117: — | N117: 📧 ส่ง Email
A118: 114 | B118: PL723 | D118: 2026-02 | E118: Pole With Bracket OD60.5 H6M | F118: LKT. 2026-02-723 | G118: 386345.4 | H118: 27044.18 | I118: 413389.58 | J118: 📋 ติดตาม | K118: — | L118: กลาง | M118: — | N118: 📧 ส่ง Email
A119: 115 | B119: PL696 | C119: TK Electric -Split Type | D119: 2026-02 | E119: อื่นๆ | F119: LKT. 2026-02 -PL696 | G119: 382200 | H119: 26754 | I119: 408954 | J119: 📋 ติดตาม | K119: — | L119: กลาง | M119: — | N119: 📧 ส่ง Email
A120: 116 | B120: PL743 | C120: บีเอ็นพี | D120: 2026-03 | E120: เสากลมตรง 3'' OD88.9 3.2t H6M | F120: LKT. 2026-03 -PL743 | G120: 366854 | H120: 25679.78 | I120: 392533.78 | J120: 📋 ติดตาม | K120: — | L120: กลาง | M120: — | N120: 📧 ส่ง Email
A121: 117 | B121: PL803 | C121: บ. เด็คก้า High mast 15 M 6 โค | D121: 2026-04 | E121: High mast Pole 15 M วงแหวน 6 โ | F121: LKT. 2026-04 -PL803 | G121: 359072 | H121: 25135.04 | I121: 384207.04 | J121: 📋 ติดตาม | K121: — | L121: กลาง | M121: — | N121: 📧 ส่ง Email
A122: 118 | B122: PL744 | C122: บลูไลน์ จี.โอ.ซีสเต็ม | D122: 2026-03 | E122: เสากลมตรง 4''OD 114.3 H5M 2.3t | F122: LKT. 2026-03 -PL743 | G122: 355005 | H122: 24850.35 | I122: 379855.35 | J122: 📋 ติดตาม | K122: — | L122: กลาง | M122: — | N122: 📧 ส่ง Email
A123: 119 | B123: PL909 | C123: บ.เจมินี เทค กรมท่ากระบี่ | D123: 2026-05 | E123: อื่นๆ | F123: LKT. 2026-05 -PL909 | G123: 350550 | H123: 24538.5 | I123: 375088.5 | J123: 📋 ติดตาม | K123: — | L123: กลาง | M123: DOA | N123: 📧 ส่ง Email
A124: 120 | B124: PL756 | C124: อินเตอร์ เอ็กซ์เพิร์ท -สนามฟุตบอล 7 คน | D124: 2026-03 | E124: Post Top Pole 12M-T4-TR | F124: LKT. 2026-03 -PL756 | G124: 346170.6 | H124: 24231.94 | I124: 370402.54 | J124: 📋 ติดตาม | K124: — | L124: กลาง | M124: — | N124: 📧 ส่ง Email
A125: 121 | B125: PL856 | C125: เค บี เอ็ม เสา HM 30ม. | D125: 2026-05 | E125: High mast Pole 30 M วงแหวน 8 โ | F125: LKT. 2026-05 -PL856 | G125: 342216 | H125: 23955.12 | I125: 366171.12 | J125: 📋 ติดตาม | K125: — | L125: กลาง | M125: อปท. Supply | N125: 📧 ส่ง Email
A126: 122 | B126: PL892 | C126: ณญาริน 6M1B | D126: 2026-05 | E126: Pole With Bracket 6M-T4-TR | F126: LKT. 2026-05 -PL892 | G126: 340600 | H126: 23842 | I126: 364442 | J126: 📋 ติดตาม | K126: — | L126: กลาง | M126: — | N126: 📧 ส่ง Email
A127: 123 | B127: PL735 | C127: ไลท์อัพ | D127: 2026-02 | E127: เสากลมตรง 4''OD114.3 H6M ไมชุ | F127: LKT. 2026-02-735 | G127: 337790 | H127: 23645.3 | I127: 361435.3 | J127: 📋 ติดตาม | K127: — | L127: กลาง | M127: — | N127: 📧 ส่ง Email
A128: 124 | B128: PL671 | C128: ซีไลท์ดีเวลลอปเมนท์ | D128: 2026-01 | E128: อื่นๆ | F128: LKT. 2026-01-PL671 | G128: 336176.5 | H128: 23532.36 | I128: 359708.86 | J128: 📋 ติดตาม | K128: — | L128: กลาง | M128: — | N128: 📧 ส่ง Email
A129: 125 | B129: PL864 | C129: เค บี เอ็ม 15 ม. | D129: 2026-05 | E129: High mast Pole 15 M วงแหวน 6โค | F129: LKT. 2026-05 -PL850 | G129: 330064 | H129: 23104.48 | I129: 353168.48 | J129: 📋 ติดตาม | K129: — | L129: กลาง | M129: อปท. Supply | N129: 📧 ส่ง Email
A130: 126 | B130: PL675 | C130: เอ เอส เอ็ม | D130: 2026-01 | E130: อื่นๆ | F130: LKT. 2026-01 -PL675 | G130: 320900 | H130: 22463 | I130: 343363 | J130: 📋 ติดตาม | K130: — | L130: กลาง | M130: — | N130: 📧 ส่ง Email
... A220: 216 | B220: PL616 | C220: วิ-หลี กรุ๊ป | D220: 2026-01 | E220: Pole With Bracket 9M-T4-TR | F220: LKT. 2026-01 -PL616 | G220: 94109.4 | H220: 6587.66 | I220: 100697.06 | J220: ⚪ รอผล | K220: — | L220: ต่ำ | M220: — | N220: ⚪ รอสอบถาม
A221: รวม Follow-Up ≥ 100K — 216 รายการ | G221: 1.6855096e+08 | H221: 11796377 | I221: 1.8031604e+08
